[debug] [2025-09-10T02:47:13.124Z] ----------------------------------------------------------------------
[debug] [2025-09-10T02:47:13.125Z] Command:       /Users/yangbai/.nvm/versions/node/v22.17.0/bin/node /usr/local/bin/firebase deploy --only functions:fatsecretSearchFood --project spartan-8a55f --debug
[debug] [2025-09-10T02:47:13.125Z] CLI Version:   14.10.1
[debug] [2025-09-10T02:47:13.126Z] Platform:      darwin
[debug] [2025-09-10T02:47:13.126Z] Node Version:  v22.17.0
[debug] [2025-09-10T02:47:13.126Z] Time:          Tue Sep 09 2025 21:47:13 GMT-0500 (Central Daylight Time)
[debug] [2025-09-10T02:47:13.126Z] ----------------------------------------------------------------------
[debug] 
[debug] [2025-09-10T02:47:13.212Z] > command requires scopes: ["email","openid","https://www.googleapis.com/auth/cloudplatformprojects.readonly","https://www.googleapis.com/auth/firebase","https://www.googleapis.com/auth/cloud-platform"]
[debug] [2025-09-10T02:47:13.213Z] > authorizing via signed-in user (yangcbai@gmail.com)
[debug] [2025-09-10T02:47:13.213Z] [iam] checking project spartan-8a55f for permissions ["cloudfunctions.functions.create","cloudfunctions.functions.delete","cloudfunctions.functions.get","cloudfunctions.functions.list","cloudfunctions.functions.update","cloudfunctions.operations.get","firebase.projects.get"]
[debug] [2025-09-10T02:47:13.214Z] Checked if tokens are valid: true, expires at: 1757475406955
[debug] [2025-09-10T02:47:13.214Z] Checked if tokens are valid: true, expires at: 1757475406955
[debug] [2025-09-10T02:47:13.214Z] >>> [apiv2][query] POST https://cloudresourcemanager.googleapis.com/v1/projects/spartan-8a55f:testIamPermissions [none]
[debug] [2025-09-10T02:47:13.214Z] >>> [apiv2][(partial)header] POST https://cloudresourcemanager.googleapis.com/v1/projects/spartan-8a55f:testIamPermissions x-goog-quota-user=projects/spartan-8a55f
[debug] [2025-09-10T02:47:13.214Z] >>> [apiv2][body] POST https://cloudresourcemanager.googleapis.com/v1/projects/spartan-8a55f:testIamPermissions {"permissions":["cloudfunctions.functions.create","cloudfunctions.functions.delete","cloudfunctions.functions.get","cloudfunctions.functions.list","cloudfunctions.functions.update","cloudfunctions.operations.get","firebase.projects.get"]}
[debug] [2025-09-10T02:47:13.482Z] <<< [apiv2][status] POST https://cloudresourcemanager.googleapis.com/v1/projects/spartan-8a55f:testIamPermissions 200
[debug] [2025-09-10T02:47:13.483Z] <<< [apiv2][body] POST https://cloudresourcemanager.googleapis.com/v1/projects/spartan-8a55f:testIamPermissions {"permissions":["cloudfunctions.functions.create","cloudfunctions.functions.delete","cloudfunctions.functions.get","cloudfunctions.functions.list","cloudfunctions.functions.update","cloudfunctions.operations.get","firebase.projects.get"]}
[debug] [2025-09-10T02:47:13.483Z] Checked if tokens are valid: true, expires at: 1757475406955
[debug] [2025-09-10T02:47:13.483Z] Checked if tokens are valid: true, expires at: 1757475406955
[debug] [2025-09-10T02:47:13.483Z] >>> [apiv2][query] POST https://iam.googleapis.com/v1/projects/spartan-8a55f/serviceAccounts/spartan-8a55f@appspot.gserviceaccount.com:testIamPermissions [none]
[debug] [2025-09-10T02:47:13.483Z] >>> [apiv2][body] POST https://iam.googleapis.com/v1/projects/spartan-8a55f/serviceAccounts/spartan-8a55f@appspot.gserviceaccount.com:testIamPermissions {"permissions":["iam.serviceAccounts.actAs"]}
[debug] [2025-09-10T02:47:13.780Z] <<< [apiv2][status] POST https://iam.googleapis.com/v1/projects/spartan-8a55f/serviceAccounts/spartan-8a55f@appspot.gserviceaccount.com:testIamPermissions 200
[debug] [2025-09-10T02:47:13.781Z] <<< [apiv2][body] POST https://iam.googleapis.com/v1/projects/spartan-8a55f/serviceAccounts/spartan-8a55f@appspot.gserviceaccount.com:testIamPermissions {"permissions":["iam.serviceAccounts.actAs"]}
[info] 
[info] === Deploying to 'spartan-8a55f'...
[info] 
[info] i  deploying functions 
[debug] [2025-09-10T02:47:13.785Z] Checked if tokens are valid: true, expires at: 1757475406955
[debug] [2025-09-10T02:47:13.785Z] Checked if tokens are valid: true, expires at: 1757475406955
[debug] [2025-09-10T02:47:13.786Z] >>> [apiv2][query] GET https://cloudresourcemanager.googleapis.com/v1/projects/spartan-8a55f [none]
[debug] [2025-09-10T02:47:13.922Z] <<< [apiv2][status] GET https://cloudresourcemanager.googleapis.com/v1/projects/spartan-8a55f 200
[debug] [2025-09-10T02:47:13.923Z] <<< [apiv2][body] GET https://cloudresourcemanager.googleapis.com/v1/projects/spartan-8a55f {"projectNumber":"962581589411","projectId":"spartan-8a55f","lifecycleState":"ACTIVE","name":"Spartan","labels":{"firebase":"enabled"},"createTime":"2024-03-31T07:08:05.961745Z"}
[info] i  functions: preparing codebase default for deployment 
[info] i  functions: ensuring required API cloudfunctions.googleapis.com is enabled... 
[info] i  functions: ensuring required API cloudbuild.googleapis.com is enabled... 
[info] i  artifactregistry: ensuring required API artifactregistry.googleapis.com is enabled... 
[debug] [2025-09-10T02:47:13.926Z] Checked if tokens are valid: true, expires at: 1757475406955
[debug] [2025-09-10T02:47:13.926Z] Checked if tokens are valid: true, expires at: 1757475406955
[debug] [2025-09-10T02:47:13.926Z] >>> [apiv2][query] GET https://firebase.googleapis.com/v1beta1/projects/spartan-8a55f/adminSdkConfig [none]
[debug] [2025-09-10T02:47:14.415Z] <<< [apiv2][status] GET https://firebase.googleapis.com/v1beta1/projects/spartan-8a55f/adminSdkConfig 200
[debug] [2025-09-10T02:47:14.415Z] <<< [apiv2][body] GET https://firebase.googleapis.com/v1beta1/projects/spartan-8a55f/adminSdkConfig {"projectId":"spartan-8a55f","storageBucket":"spartan-8a55f.appspot.com","locationId":"us-central"}
[debug] [2025-09-10T02:47:14.415Z] Checked if tokens are valid: true, expires at: 1757475406955
[debug] [2025-09-10T02:47:14.416Z] Checked if tokens are valid: true, expires at: 1757475406955
[debug] [2025-09-10T02:47:14.416Z] >>> [apiv2][query] GET https://runtimeconfig.googleapis.com/v1beta1/projects/spartan-8a55f/configs [none]
[debug] [2025-09-10T02:47:14.683Z] <<< [apiv2][status] GET https://runtimeconfig.googleapis.com/v1beta1/projects/spartan-8a55f/configs 200
[debug] [2025-09-10T02:47:14.683Z] <<< [apiv2][body] GET https://runtimeconfig.googleapis.com/v1beta1/projects/spartan-8a55f/configs {}
[debug] [2025-09-10T02:47:14.684Z] Validating nodejs source
[debug] [2025-09-10T02:47:15.250Z] > [functions] package.json contents: {
  "name": "spartan-functions",
  "private": true,
  "main": "index.js",
  "type": "module",
  "engines": {
    "node": "20"
  },
  "dependencies": {
    "firebase-admin": "^13.5.0",
    "firebase-functions": "^6.4.0"
  }
}
[debug] [2025-09-10T02:47:15.251Z] Building nodejs source
[info] i  functions: Loading and analyzing source code for codebase default to determine what to deploy 
[debug] [2025-09-10T02:47:15.252Z] Could not find functions.yaml. Must use http discovery
[debug] [2025-09-10T02:47:15.258Z] Found firebase-functions binary at '/Users/yangbai/Desktop/spartan/functions/node_modules/.bin/firebase-functions'
[info] Serving at port 8199

[debug] [2025-09-10T02:47:15.872Z] Got response from /__/functions.yaml {"endpoints":{"appendWorkoutSets":{"availableMemoryMb":null,"timeoutSeconds":null,"minInstances":null,"maxInstances":null,"ingressSettings":null,"concurrency":null,"serviceAccountEmail":null,"vpc":{"connector":"projects/spartan-8a55f/locations/us-central1/connectors/serverless-conn","egressSettings":"ALL_TRAFFIC"},"platform":"gcfv2","region":["us-central1"],"labels":{},"callableTrigger":{},"entryPoint":"appendWorkoutSets"},"fatsecretMethod":{"availableMemoryMb":null,"timeoutSeconds":null,"minInstances":null,"maxInstances":null,"ingressSettings":null,"concurrency":null,"serviceAccountEmail":null,"vpc":{"connector":"projects/spartan-8a55f/locations/us-central1/connectors/serverless-conn","egressSettings":"ALL_TRAFFIC"},"platform":"gcfv2","region":["us-central1"],"secretEnvironmentVariables":[{"key":"FATSECRET_KEY"},{"key":"FATSECRET_SECRET"}],"labels":{},"callableTrigger":{},"entryPoint":"fatsecretMethod"},"fatsecretSearchFood":{"availableMemoryMb":null,"timeoutSeconds":null,"minInstances":null,"maxInstances":null,"ingressSettings":null,"concurrency":null,"serviceAccountEmail":null,"vpc":{"connector":"projects/spartan-8a55f/locations/us-central1/connectors/serverless-conn","egressSettings":"ALL_TRAFFIC"},"platform":"gcfv2","region":["us-central1"],"secretEnvironmentVariables":[{"key":"FATSECRET_KEY"},{"key":"FATSECRET_SECRET"}],"labels":{},"callableTrigger":{},"entryPoint":"fatsecretSearchFood"},"onChatMessageCreated":{"availableMemoryMb":null,"timeoutSeconds":null,"minInstances":null,"maxInstances":null,"ingressSettings":null,"concurrency":null,"serviceAccountEmail":null,"vpc":{"connector":"projects/spartan-8a55f/locations/us-central1/connectors/serverless-conn","egressSettings":"ALL_TRAFFIC"},"platform":"gcfv2","region":["us-central1"],"labels":{},"eventTrigger":{"eventType":"google.cloud.firestore.document.v1.created","eventFilters":{"database":"(default)","namespace":"(default)"},"eventFilterPathPatterns":{"document":"messages/{cid}/content/{mid}"},"retry":false},"entryPoint":"onChatMessageCreated"}},"specVersion":"v1alpha1","requiredAPIs":[],"extensions":{},"params":[{"type":"secret","name":"FATSECRET_KEY"},{"type":"secret","name":"FATSECRET_SECRET"}]}
[info] i  extensions: ensuring required API firebaseextensions.googleapis.com is enabled... 
[debug] [2025-09-10T02:47:19.907Z] > command requires scopes: ["email","openid","https://www.googleapis.com/auth/cloudplatformprojects.readonly","https://www.googleapis.com/auth/firebase","https://www.googleapis.com/auth/cloud-platform"]
[debug] [2025-09-10T02:47:19.907Z] > authorizing via signed-in user (yangcbai@gmail.com)
[debug] [2025-09-10T02:47:19.907Z] [iam] checking project spartan-8a55f for permissions ["firebase.projects.get","firebaseextensions.instances.list"]
[debug] [2025-09-10T02:47:19.907Z] Checked if tokens are valid: true, expires at: 1757475406955
[debug] [2025-09-10T02:47:19.907Z] Checked if tokens are valid: true, expires at: 1757475406955
[debug] [2025-09-10T02:47:19.907Z] >>> [apiv2][query] POST https://cloudresourcemanager.googleapis.com/v1/projects/spartan-8a55f:testIamPermissions [none]
[debug] [2025-09-10T02:47:19.908Z] >>> [apiv2][(partial)header] POST https://cloudresourcemanager.googleapis.com/v1/projects/spartan-8a55f:testIamPermissions x-goog-quota-user=projects/spartan-8a55f
[debug] [2025-09-10T02:47:19.908Z] >>> [apiv2][body] POST https://cloudresourcemanager.googleapis.com/v1/projects/spartan-8a55f:testIamPermissions {"permissions":["firebase.projects.get","firebaseextensions.instances.list"]}
[debug] [2025-09-10T02:47:20.164Z] <<< [apiv2][status] POST https://cloudresourcemanager.googleapis.com/v1/projects/spartan-8a55f:testIamPermissions 200
[debug] [2025-09-10T02:47:20.164Z] <<< [apiv2][body] POST https://cloudresourcemanager.googleapis.com/v1/projects/spartan-8a55f:testIamPermissions {"permissions":["firebase.projects.get","firebaseextensions.instances.list"]}
[debug] [2025-09-10T02:47:20.165Z] Checked if tokens are valid: true, expires at: 1757475406955
[debug] [2025-09-10T02:47:20.165Z] Checked if tokens are valid: true, expires at: 1757475406955
[debug] [2025-09-10T02:47:20.166Z] >>> [apiv2][query] GET https://firebaseextensions.googleapis.com/v1beta/projects/spartan-8a55f/instances pageSize=100&pageToken=
[debug] [2025-09-10T02:47:20.590Z] <<< [apiv2][status] GET https://firebaseextensions.googleapis.com/v1beta/projects/spartan-8a55f/instances 200
[debug] [2025-09-10T02:47:20.590Z] <<< [apiv2][body] GET https://firebaseextensions.googleapis.com/v1beta/projects/spartan-8a55f/instances {}
[debug] [2025-09-10T02:47:20.593Z] Checked if tokens are valid: true, expires at: 1757475406955
[debug] [2025-09-10T02:47:20.593Z] Checked if tokens are valid: true, expires at: 1757475406955
[debug] [2025-09-10T02:47:20.593Z] >>> [apiv2][query] GET https://secretmanager.googleapis.com/v1/projects/spartan-8a55f/secrets/FATSECRET_KEY [none]
[debug] [2025-09-10T02:47:20.918Z] <<< [apiv2][status] GET https://secretmanager.googleapis.com/v1/projects/spartan-8a55f/secrets/FATSECRET_KEY 200
[debug] [2025-09-10T02:47:20.919Z] <<< [apiv2][body] GET https://secretmanager.googleapis.com/v1/projects/spartan-8a55f/secrets/FATSECRET_KEY {"name":"projects/962581589411/secrets/FATSECRET_KEY","replication":{"automatic":{}},"createTime":"2025-08-17T04:32:57.719894Z","labels":{"firebase-managed":"functions"},"etag":"\"163c881e10bff2\""}
[debug] [2025-09-10T02:47:20.919Z] Checked if tokens are valid: true, expires at: 1757475406955
[debug] [2025-09-10T02:47:20.920Z] Checked if tokens are valid: true, expires at: 1757475406955
[debug] [2025-09-10T02:47:20.920Z] >>> [apiv2][query] GET https://secretmanager.googleapis.com/v1/projects/spartan-8a55f/secrets/FATSECRET_KEY/versions/latest [none]
[debug] [2025-09-10T02:47:21.118Z] <<< [apiv2][status] GET https://secretmanager.googleapis.com/v1/projects/spartan-8a55f/secrets/FATSECRET_KEY/versions/latest 200
[debug] [2025-09-10T02:47:21.118Z] <<< [apiv2][body] GET https://secretmanager.googleapis.com/v1/projects/spartan-8a55f/secrets/FATSECRET_KEY/versions/latest {"name":"projects/962581589411/secrets/FATSECRET_KEY/versions/1","createTime":"2025-08-17T04:33:04.906701Z","state":"ENABLED","replicationStatus":{"automatic":{}},"etag":"\"163c881e7bb5cd\""}
[debug] [2025-09-10T02:47:21.120Z] Checked if tokens are valid: true, expires at: 1757475406955
[debug] [2025-09-10T02:47:21.120Z] Checked if tokens are valid: true, expires at: 1757475406955
[debug] [2025-09-10T02:47:21.120Z] >>> [apiv2][query] GET https://secretmanager.googleapis.com/v1/projects/spartan-8a55f/secrets/FATSECRET_SECRET [none]
[debug] [2025-09-10T02:47:21.320Z] <<< [apiv2][status] GET https://secretmanager.googleapis.com/v1/projects/spartan-8a55f/secrets/FATSECRET_SECRET 200
[debug] [2025-09-10T02:47:21.320Z] <<< [apiv2][body] GET https://secretmanager.googleapis.com/v1/projects/spartan-8a55f/secrets/FATSECRET_SECRET {"name":"projects/962581589411/secrets/FATSECRET_SECRET","replication":{"automatic":{}},"createTime":"2025-08-17T04:33:12.152723Z","labels":{"firebase-managed":"functions"},"etag":"\"163c881eebf148\""}
[debug] [2025-09-10T02:47:21.321Z] Checked if tokens are valid: true, expires at: 1757475406955
[debug] [2025-09-10T02:47:21.321Z] Checked if tokens are valid: true, expires at: 1757475406955
[debug] [2025-09-10T02:47:21.321Z] >>> [apiv2][query] GET https://secretmanager.googleapis.com/v1/projects/spartan-8a55f/secrets/FATSECRET_SECRET/versions/latest [none]
[debug] [2025-09-10T02:47:21.463Z] <<< [apiv2][status] GET https://secretmanager.googleapis.com/v1/projects/spartan-8a55f/secrets/FATSECRET_SECRET/versions/latest 200
[debug] [2025-09-10T02:47:21.463Z] <<< [apiv2][body] GET https://secretmanager.googleapis.com/v1/projects/spartan-8a55f/secrets/FATSECRET_SECRET/versions/latest {"name":"projects/962581589411/secrets/FATSECRET_SECRET/versions/1","createTime":"2025-08-17T04:33:16.842653Z","state":"ENABLED","replicationStatus":{"automatic":{}},"etag":"\"163c881f31d69d\""}
[info] i  functions: preparing functions directory for uploading... 
[info] i  functions: packaged /Users/yangbai/Desktop/spartan/functions (38.65 KB) for uploading 
[debug] [2025-09-10T02:47:21.488Z] Checked if tokens are valid: true, expires at: 1757475406955
[debug] [2025-09-10T02:47:21.488Z] Checked if tokens are valid: true, expires at: 1757475406955
[debug] [2025-09-10T02:47:21.488Z] >>> [apiv2][query] GET https://cloudfunctions.googleapis.com/v1/projects/spartan-8a55f/locations/-/functions [none]
[debug] [2025-09-10T02:47:22.180Z] <<< [apiv2][status] GET https://cloudfunctions.googleapis.com/v1/projects/spartan-8a55f/locations/-/functions 200
[debug] [2025-09-10T02:47:22.180Z] <<< [apiv2][body] GET https://cloudfunctions.googleapis.com/v1/projects/spartan-8a55f/locations/-/functions {}
[debug] [2025-09-10T02:47:22.181Z] Checked if tokens are valid: true, expires at: 1757475406955
[debug] [2025-09-10T02:47:22.181Z] Checked if tokens are valid: true, expires at: 1757475406955
[debug] [2025-09-10T02:47:22.181Z] >>> [apiv2][query] GET https://cloudfunctions.googleapis.com/v2/projects/spartan-8a55f/locations/-/functions filter=environment%3D%22GEN_2%22
[debug] [2025-09-10T02:47:22.748Z] <<< [apiv2][status] GET https://cloudfunctions.googleapis.com/v2/projects/spartan-8a55f/locations/-/functions 200
[debug] [2025-09-10T02:47:22.748Z] <<< [apiv2][body] GET https://cloudfunctions.googleapis.com/v2/projects/spartan-8a55f/locations/-/functions {"functions":[{"name":"projects/spartan-8a55f/locations/us-central1/functions/onChatMessageCreated","buildConfig":{"build":"projects/962581589411/locations/us-central1/builds/a87c88e2-f935-4296-9759-d3a14f241402","runtime":"nodejs20","entryPoint":"onChatMessageCreated","source":{"storageSource":{"bucket":"gcf-v2-sources-962581589411-us-central1","object":"onChatMessageCreated/function-source.zip","generation":"1757294982249967"}},"environmentVariables":{"GOOGLE_NODE_RUN_SCRIPTS":""},"dockerRepository":"projects/spartan-8a55f/locations/us-central1/repositories/gcf-artifacts","sourceProvenance":{"resolvedStorageSource":{"bucket":"gcf-v2-sources-962581589411-us-central1","object":"onChatMessageCreated/function-source.zip","generation":"1757294982249967"}},"dockerRegistry":"ARTIFACT_REGISTRY","serviceAccount":"projects/spartan-8a55f/serviceAccounts/962581589411-compute@developer.gserviceaccount.com","automaticUpdatePolicy":{}},"serviceConfig":{"service":"projects/spartan-8a55f/locations/us-central1/services/onchatmessagecreated","timeoutSeconds":60,"environmentVariables":{"FIREBASE_CONFIG":"{\"projectId\":\"spartan-8a55f\",\"storageBucket\":\"spartan-8a55f.appspot.com\",\"locationId\":\"us-central\"}","GCLOUD_PROJECT":"spartan-8a55f","EVENTARC_CLOUD_EVENT_SOURCE":"projects/spartan-8a55f/locations/us-central1/services/onChatMessageCreated","FUNCTION_SIGNATURE_TYPE":"cloudevent","FUNCTION_TARGET":"onChatMessageCreated","LOG_EXECUTION_ID":"true"},"maxInstanceCount":20,"vpcConnector":"projects/spartan-8a55f/locations/us-central1/connectors/serverless-conn","vpcConnectorEgressSettings":"ALL_TRAFFIC","ingressSettings":"ALLOW_ALL","uri":"https://onchatmessagecreated-4vg7jm664q-uc.a.run.app","serviceAccountEmail":"962581589411-compute@developer.gserviceaccount.com","availableMemory":"256Mi","allTrafficOnLatestRevision":true,"revision":"onchatmessagecreated-00001-mad","maxInstanceRequestConcurrency":80,"availableCpu":"1"},"eventTrigger":{"trigger":"projects/spartan-8a55f/locations/nam5/triggers/onchatmessagecreated-667451","triggerRegion":"nam5","eventType":"google.cloud.firestore.document.v1.created","eventFilters":[{"attribute":"namespace","value":"(default)"},{"attribute":"document","value":"messages/{cid}/content/{mid}","operator":"match-path-pattern"},{"attribute":"database","value":"(default)"}],"pubsubTopic":"projects/spartan-8a55f/topics/eventarc-nam5-onchatmessagecreated-667451-225","serviceAccountEmail":"962581589411-compute@developer.gserviceaccount.com","retryPolicy":"RETRY_POLICY_DO_NOT_RETRY"},"state":"ACTIVE","updateTime":"2025-09-08T01:30:56.901011524Z","labels":{"deployment-tool":"cli-firebase","firebase-functions-hash":"da1a37465b2d64f099fc2f1ae75db644ea278544"},"environment":"GEN_2","url":"https://us-central1-spartan-8a55f.cloudfunctions.net/onChatMessageCreated","createTime":"2025-09-08T01:29:42.578269540Z","satisfiesPzi":true},{"name":"projects/spartan-8a55f/locations/us-central1/functions/appendWorkoutSets","buildConfig":{"build":"projects/962581589411/locations/us-central1/builds/8d6c43ef-1546-4b2a-aecd-836ce82b6a08","runtime":"nodejs20","entryPoint":"appendWorkoutSets","source":{"storageSource":{"bucket":"gcf-v2-sources-962581589411-us-central1","object":"appendWorkoutSets/function-source.zip","generation":"1757301691296401"}},"environmentVariables":{"GOOGLE_NODE_RUN_SCRIPTS":""},"dockerRepository":"projects/spartan-8a55f/locations/us-central1/repositories/gcf-artifacts","sourceProvenance":{"resolvedStorageSource":{"bucket":"gcf-v2-sources-962581589411-us-central1","object":"appendWorkoutSets/function-source.zip","generation":"1757301691296401"}},"dockerRegistry":"ARTIFACT_REGISTRY","serviceAccount":"projects/spartan-8a55f/serviceAccounts/962581589411-compute@developer.gserviceaccount.com","automaticUpdatePolicy":{}},"serviceConfig":{"service":"projects/spartan-8a55f/locations/us-central1/services/appendworkoutsets","timeoutSeconds":60,"environmentVariables":{"FIREBASE_CONFIG":"{\"projectId\":\"spartan-8a55f\",\"storageBucket\":\"spartan-8a55f.appspot.com\",\"locationId\":\"us-central\"}","GCLOUD_PROJECT":"spartan-8a55f","EVENTARC_CLOUD_EVENT_SOURCE":"projects/spartan-8a55f/locations/us-central1/services/appendWorkoutSets","FUNCTION_TARGET":"appendWorkoutSets","LOG_EXECUTION_ID":"true"},"maxInstanceCount":20,"vpcConnector":"projects/spartan-8a55f/locations/us-central1/connectors/serverless-conn","vpcConnectorEgressSettings":"ALL_TRAFFIC","ingressSettings":"ALLOW_ALL","uri":"https://appendworkoutsets-4vg7jm664q-uc.a.run.app","serviceAccountEmail":"962581589411-compute@developer.gserviceaccount.com","availableMemory":"256Mi","allTrafficOnLatestRevision":true,"revision":"appendworkoutsets-00004-cem","maxInstanceRequestConcurrency":80,"availableCpu":"1"},"state":"ACTIVE","updateTime":"2025-09-08T03:22:19.434152213Z","labels":{"deployment-callable":"true","firebase-functions-hash":"a4ac0281b2b68fac28846b1090d2dc91d8263853","deployment-tool":"cli-firebase"},"environment":"GEN_2","url":"https://us-central1-spartan-8a55f.cloudfunctions.net/appendWorkoutSets","createTime":"2025-09-08T02:47:27.364490571Z","satisfiesPzi":true},{"name":"projects/spartan-8a55f/locations/us-central1/functions/fatsecretSearchFood","buildConfig":{"build":"projects/962581589411/locations/us-central1/builds/a87c88e2-f935-4296-9759-d3a14f241402","runtime":"nodejs20","entryPoint":"fatsecretSearchFood","source":{"storageSource":{"bucket":"gcf-v2-sources-962581589411-us-central1","object":"fatsecretSearchFood/function-source.zip","generation":"1757295041140478"}},"environmentVariables":{"GOOGLE_NODE_RUN_SCRIPTS":""},"dockerRepository":"projects/spartan-8a55f/locations/us-central1/repositories/gcf-artifacts","sourceProvenance":{"resolvedStorageSource":{"bucket":"gcf-v2-sources-962581589411-us-central1","object":"fatsecretSearchFood/function-source.zip","generation":"1757295041140478"}},"dockerRegistry":"ARTIFACT_REGISTRY","serviceAccount":"projects/spartan-8a55f/serviceAccounts/962581589411-compute@developer.gserviceaccount.com","automaticUpdatePolicy":{}},"serviceConfig":{"service":"projects/spartan-8a55f/locations/us-central1/services/fatsecretsearchfood","timeoutSeconds":60,"environmentVariables":{"FIREBASE_CONFIG":"{\"projectId\":\"spartan-8a55f\",\"storageBucket\":\"spartan-8a55f.appspot.com\",\"locationId\":\"us-central\"}","GCLOUD_PROJECT":"spartan-8a55f","EVENTARC_CLOUD_EVENT_SOURCE":"projects/spartan-8a55f/locations/us-central1/services/fatsecretSearchFood","FUNCTION_TARGET":"fatsecretSearchFood","LOG_EXECUTION_ID":"true","FUNCTION_SIGNATURE_TYPE":"http"},"maxInstanceCount":20,"vpcConnector":"projects/spartan-8a55f/locations/us-central1/connectors/serverless-conn","vpcConnectorEgressSettings":"ALL_TRAFFIC","ingressSettings":"ALLOW_ALL","uri":"https://fatsecretsearchfood-4vg7jm664q-uc.a.run.app","serviceAccountEmail":"962581589411-compute@developer.gserviceaccount.com","availableMemory":"256Mi","allTrafficOnLatestRevision":true,"secretEnvironmentVariables":[{"key":"FATSECRET_KEY","projectId":"spartan-8a55f","secret":"FATSECRET_KEY","version":"1"},{"key":"FATSECRET_SECRET","projectId":"spartan-8a55f","secret":"FATSECRET_SECRET","version":"1"}],"revision":"fatsecretsearchfood-00004-gif","maxInstanceRequestConcurrency":80,"availableCpu":"1"},"state":"ACTIVE","updateTime":"2025-09-08T01:30:50.965894057Z","labels":{"deployment-callable":"true","firebase-functions-hash":"b5a5e12d8c7201e16f1bde532653c482bbbdaeb9","deployment-tool":"cli-firebase"},"environment":"GEN_2","url":"https://us-central1-spartan-8a55f.cloudfunctions.net/fatsecretSearchFood","createTime":"2025-08-17T04:35:05.819727752Z","satisfiesPzi":true},{"name":"projects/spartan-8a55f/locations/us-central1/functions/fatsecretMethod","buildConfig":{"build":"projects/962581589411/locations/us-central1/builds/a87c88e2-f935-4296-9759-d3a14f241402","runtime":"nodejs20","entryPoint":"fatsecretMethod","source":{"storageSource":{"bucket":"gcf-v2-sources-962581589411-us-central1","object":"fatsecretMethod/function-source.zip","generation":"1757295041194749"}},"environmentVariables":{"GOOGLE_NODE_RUN_SCRIPTS":""},"dockerRepository":"projects/spartan-8a55f/locations/us-central1/repositories/gcf-artifacts","sourceProvenance":{"resolvedStorageSource":{"bucket":"gcf-v2-sources-962581589411-us-central1","object":"fatsecretMethod/function-source.zip","generation":"1757295041194749"}},"dockerRegistry":"ARTIFACT_REGISTRY","serviceAccount":"projects/spartan-8a55f/serviceAccounts/962581589411-compute@developer.gserviceaccount.com","automaticUpdatePolicy":{}},"serviceConfig":{"service":"projects/spartan-8a55f/locations/us-central1/services/fatsecretmethod","timeoutSeconds":60,"environmentVariables":{"FIREBASE_CONFIG":"{\"projectId\":\"spartan-8a55f\",\"storageBucket\":\"spartan-8a55f.appspot.com\",\"locationId\":\"us-central\"}","GCLOUD_PROJECT":"spartan-8a55f","EVENTARC_CLOUD_EVENT_SOURCE":"projects/spartan-8a55f/locations/us-central1/services/fatsecretMethod","FUNCTION_TARGET":"fatsecretMethod","LOG_EXECUTION_ID":"true","FUNCTION_SIGNATURE_TYPE":"http"},"maxInstanceCount":20,"vpcConnector":"projects/spartan-8a55f/locations/us-central1/connectors/serverless-conn","vpcConnectorEgressSettings":"ALL_TRAFFIC","ingressSettings":"ALLOW_ALL","uri":"https://fatsecretmethod-4vg7jm664q-uc.a.run.app","serviceAccountEmail":"962581589411-compute@developer.gserviceaccount.com","availableMemory":"256Mi","allTrafficOnLatestRevision":true,"secretEnvironmentVariables":[{"key":"FATSECRET_KEY","projectId":"spartan-8a55f","secret":"FATSECRET_KEY","version":"1"},{"key":"FATSECRET_SECRET","projectId":"spartan-8a55f","secret":"FATSECRET_SECRET","version":"1"}],"revision":"fatsecretmethod-00004-cav","maxInstanceRequestConcurrency":80,"availableCpu":"1"},"state":"ACTIVE","updateTime":"2025-09-08T01:30:52.123516120Z","labels":{"deployment-callable":"true","firebase-functions-hash":"b5a5e12d8c7201e16f1bde532653c482bbbdaeb9","deployment-tool":"cli-firebase"},"environment":"GEN_2","url":"https://us-central1-spartan-8a55f.cloudfunctions.net/fatsecretMethod","createTime":"2025-08-17T04:34:07.193782645Z","satisfiesPzi":true}]}
[debug] [2025-09-10T02:47:22.752Z] Checked if tokens are valid: true, expires at: 1757475406955
[debug] [2025-09-10T02:47:22.753Z] Checked if tokens are valid: true, expires at: 1757475406955
[debug] [2025-09-10T02:47:22.753Z] >>> [apiv2][query] GET https://firestore.googleapis.com/v1/projects/spartan-8a55f/databases/(default) [none]
[debug] [2025-09-10T02:47:23.068Z] <<< [apiv2][status] GET https://firestore.googleapis.com/v1/projects/spartan-8a55f/databases/(default) 200
[debug] [2025-09-10T02:47:23.068Z] <<< [apiv2][body] GET https://firestore.googleapis.com/v1/projects/spartan-8a55f/databases/(default) {"name":"projects/spartan-8a55f/databases/(default)","uid":"b9e804b6-d04c-49b2-89e7-7451c2d79dcf","createTime":"2024-04-04T03:41:07.258803Z","updateTime":"2024-04-04T03:41:07.258803Z","locationId":"nam5","type":"FIRESTORE_NATIVE","concurrencyMode":"PESSIMISTIC","versionRetentionPeriod":"3600s","earliestVersionTime":"2025-09-10T01:47:23.051214Z","appEngineIntegrationMode":"DISABLED","keyPrefix":"s","pointInTimeRecoveryEnablement":"POINT_IN_TIME_RECOVERY_DISABLED","deleteProtectionState":"DELETE_PROTECTION_DISABLED","databaseEdition":"STANDARD","freeTier":true,"etag":"IOzUroWXzY8DMNbpn5GtqYwD"}
[info] i  functions: ensuring required API run.googleapis.com is enabled... 
[info] i  functions: ensuring required API eventarc.googleapis.com is enabled... 
[info] i  functions: ensuring required API pubsub.googleapis.com is enabled... 
[info] i  functions: ensuring required API storage.googleapis.com is enabled... 
[info] i  functions: generating the service identity for pubsub.googleapis.com... 
[debug] [2025-09-10T02:47:23.072Z] Checked if tokens are valid: true, expires at: 1757475406955
[debug] [2025-09-10T02:47:23.072Z] Checked if tokens are valid: true, expires at: 1757475406955
[info] i  functions: generating the service identity for eventarc.googleapis.com... 
[debug] [2025-09-10T02:47:23.072Z] Checked if tokens are valid: true, expires at: 1757475406955
[debug] [2025-09-10T02:47:23.073Z] Checked if tokens are valid: true, expires at: 1757475406955
[debug] [2025-09-10T02:47:23.073Z] >>> [apiv2][query] POST https://serviceusage.googleapis.com/v1beta1/projects/962581589411/services/pubsub.googleapis.com:generateServiceIdentity [none]
[debug] [2025-09-10T02:47:23.073Z] >>> [apiv2][(partial)header] POST https://serviceusage.googleapis.com/v1beta1/projects/962581589411/services/pubsub.googleapis.com:generateServiceIdentity x-goog-quota-user=projects/962581589411
[debug] [2025-09-10T02:47:23.073Z] >>> [apiv2][body] POST https://serviceusage.googleapis.com/v1beta1/projects/962581589411/services/pubsub.googleapis.com:generateServiceIdentity {}
[debug] [2025-09-10T02:47:23.076Z] >>> [apiv2][query] POST https://serviceusage.googleapis.com/v1beta1/projects/962581589411/services/eventarc.googleapis.com:generateServiceIdentity [none]
[debug] [2025-09-10T02:47:23.077Z] >>> [apiv2][(partial)header] POST https://serviceusage.googleapis.com/v1beta1/projects/962581589411/services/eventarc.googleapis.com:generateServiceIdentity x-goog-quota-user=projects/962581589411
[debug] [2025-09-10T02:47:23.077Z] >>> [apiv2][body] POST https://serviceusage.googleapis.com/v1beta1/projects/962581589411/services/eventarc.googleapis.com:generateServiceIdentity {}
[debug] [2025-09-10T02:47:23.662Z] <<< [apiv2][status] POST https://serviceusage.googleapis.com/v1beta1/projects/962581589411/services/eventarc.googleapis.com:generateServiceIdentity 200
[debug] [2025-09-10T02:47:23.662Z] <<< [apiv2][body] POST https://serviceusage.googleapis.com/v1beta1/projects/962581589411/services/eventarc.googleapis.com:generateServiceIdentity {"name":"operations/finished.DONE_OPERATION","done":true,"response":{"@type":"type.googleapis.com/google.api.serviceusage.v1beta1.ServiceIdentity","email":"service-962581589411@gcp-sa-eventarc.iam.gserviceaccount.com","uniqueId":"100057577644779379769"}}
[debug] [2025-09-10T02:47:23.663Z] <<< [apiv2][status] POST https://serviceusage.googleapis.com/v1beta1/projects/962581589411/services/pubsub.googleapis.com:generateServiceIdentity 200
[debug] [2025-09-10T02:47:23.663Z] <<< [apiv2][body] POST https://serviceusage.googleapis.com/v1beta1/projects/962581589411/services/pubsub.googleapis.com:generateServiceIdentity {"name":"operations/finished.DONE_OPERATION","done":true,"response":{"@type":"type.googleapis.com/google.api.serviceusage.v1beta1.ServiceIdentity","email":"service-962581589411@gcp-sa-pubsub.iam.gserviceaccount.com","uniqueId":"107946043438478910909"}}
[info] i  functions: ensuring required API secretmanager.googleapis.com is enabled... 
[debug] [2025-09-10T02:47:23.666Z] Checked if tokens are valid: true, expires at: 1757475406955
[debug] [2025-09-10T02:47:23.666Z] Checked if tokens are valid: true, expires at: 1757475406955
[debug] [2025-09-10T02:47:23.666Z] Checked if tokens are valid: true, expires at: 1757475406955
[debug] [2025-09-10T02:47:23.667Z] Checked if tokens are valid: true, expires at: 1757475406955
[debug] [2025-09-10T02:47:23.667Z] >>> [apiv2][query] GET https://secretmanager.googleapis.com/v1/projects/spartan-8a55f/secrets/FATSECRET_KEY/versions/latest [none]
[debug] [2025-09-10T02:47:23.668Z] >>> [apiv2][query] GET https://secretmanager.googleapis.com/v1/projects/spartan-8a55f/secrets/FATSECRET_SECRET/versions/latest [none]
[debug] [2025-09-10T02:47:23.757Z] <<< [apiv2][status] GET https://secretmanager.googleapis.com/v1/projects/spartan-8a55f/secrets/FATSECRET_KEY/versions/latest 200
[debug] [2025-09-10T02:47:23.758Z] <<< [apiv2][body] GET https://secretmanager.googleapis.com/v1/projects/spartan-8a55f/secrets/FATSECRET_KEY/versions/latest {"name":"projects/962581589411/secrets/FATSECRET_KEY/versions/1","createTime":"2025-08-17T04:33:04.906701Z","state":"ENABLED","replicationStatus":{"automatic":{}},"etag":"\"163c881e7bb5cd\""}
[debug] [2025-09-10T02:47:23.758Z] Resolved secret version of FATSECRET_KEY to 1.
[debug] [2025-09-10T02:47:23.853Z] <<< [apiv2][status] GET https://secretmanager.googleapis.com/v1/projects/spartan-8a55f/secrets/FATSECRET_SECRET/versions/latest 200
[debug] [2025-09-10T02:47:23.854Z] <<< [apiv2][body] GET https://secretmanager.googleapis.com/v1/projects/spartan-8a55f/secrets/FATSECRET_SECRET/versions/latest {"name":"projects/962581589411/secrets/FATSECRET_SECRET/versions/1","createTime":"2025-08-17T04:33:16.842653Z","state":"ENABLED","replicationStatus":{"automatic":{}},"etag":"\"163c881f31d69d\""}
[debug] [2025-09-10T02:47:23.854Z] Resolved secret version of FATSECRET_SECRET to 1.
[debug] [2025-09-10T02:47:23.856Z] Checked if tokens are valid: true, expires at: 1757475406955
[debug] [2025-09-10T02:47:23.856Z] Checked if tokens are valid: true, expires at: 1757475406955
[debug] [2025-09-10T02:47:23.856Z] >>> [apiv2][query] GET https://cloudresourcemanager.googleapis.com/v1/projects/spartan-8a55f [none]
[debug] [2025-09-10T02:47:23.997Z] <<< [apiv2][status] GET https://cloudresourcemanager.googleapis.com/v1/projects/spartan-8a55f 200
[debug] [2025-09-10T02:47:23.997Z] <<< [apiv2][body] GET https://cloudresourcemanager.googleapis.com/v1/projects/spartan-8a55f {"projectNumber":"962581589411","projectId":"spartan-8a55f","lifecycleState":"ACTIVE","name":"Spartan","labels":{"firebase":"enabled"},"createTime":"2024-03-31T07:08:05.961745Z"}
[debug] [2025-09-10T02:47:23.998Z] Checked if tokens are valid: true, expires at: 1757475406955
[debug] [2025-09-10T02:47:23.998Z] Checked if tokens are valid: true, expires at: 1757475406955
[debug] [2025-09-10T02:47:23.998Z] >>> [apiv2][query] GET https://compute.googleapis.com/compute/v1/projects/962581589411 [none]
[debug] [2025-09-10T02:47:24.459Z] <<< [apiv2][status] GET https://compute.googleapis.com/compute/v1/projects/962581589411 200
[debug] [2025-09-10T02:47:24.460Z] <<< [apiv2][body] GET https://compute.googleapis.com/compute/v1/projects/962581589411 {"kind":"compute#project","id":"6279881143500988740","creationTimestamp":"2025-08-16T21:50:51.658-07:00","name":"spartan-8a55f","commonInstanceMetadata":{"kind":"compute#metadata","fingerprint":"rh4kr4cfJ-k="},"quotas":[{"metric":"SNAPSHOTS","limit":1000,"usage":0},{"metric":"NETWORKS","limit":5,"usage":1},{"metric":"FIREWALLS","limit":100,"usage":10},{"metric":"IMAGES","limit":100,"usage":0},{"metric":"STATIC_ADDRESSES","limit":8,"usage":0},{"metric":"ROUTES","limit":200,"usage":0},{"metric":"FORWARDING_RULES","limit":15,"usage":0},{"metric":"TARGET_POOLS","limit":50,"usage":0},{"metric":"HEALTH_CHECKS","limit":75,"usage":1},{"metric":"IN_USE_ADDRESSES","limit":8,"usage":0},{"metric":"TARGET_INSTANCES","limit":50,"usage":0},{"metric":"TARGET_HTTP_PROXIES","limit":10,"usage":0},{"metric":"URL_MAPS","limit":10,"usage":0},{"metric":"BACKEND_SERVICES","limit":50,"usage":0},{"metric":"INSTANCE_TEMPLATES","limit":100,"usage":0},{"metric":"TARGET_VPN_GATEWAYS","limit":5,"usage":0},{"metric":"VPN_TUNNELS","limit":10,"usage":0},{"metric":"BACKEND_BUCKETS","limit":3,"usage":0},{"metric":"ROUTERS","limit":10,"usage":1},{"metric":"TARGET_SSL_PROXIES","limit":10,"usage":0},{"metric":"TARGET_HTTPS_PROXIES","limit":10,"usage":0},{"metric":"SSL_CERTIFICATES","limit":10,"usage":0},{"metric":"SUBNETWORKS","limit":100,"usage":0},{"metric":"TARGET_TCP_PROXIES","limit":10,"usage":0},{"metric":"CPUS_ALL_REGIONS","limit":32,"usage":2},{"metric":"SECURITY_POLICIES","limit":10,"usage":0},{"metric":"SECURITY_POLICY_RULES","limit":100,"usage":0},{"metric":"XPN_SERVICE_PROJECTS","limit":1000,"usage":0},{"metric":"PACKET_MIRRORINGS","limit":20,"usage":0},{"metric":"NETWORK_ENDPOINT_GROUPS","limit":100,"usage":0},{"metric":"INTERCONNECTS","limit":6,"usage":0},{"metric":"SSL_POLICIES","limit":10,"usage":0},{"metric":"GLOBAL_INTERNAL_ADDRESSES","limit":5000,"usage":0},{"metric":"VPN_GATEWAYS","limit":5,"usage":0},{"metric":"MACHINE_IMAGES","limit":100,"usage":0},{"metric":"SECURITY_POLICY_CEVAL_RULES","limit":20,"usage":0},{"metric":"GPUS_ALL_REGIONS","limit":0,"usage":0},{"metric":"EXTERNAL_VPN_GATEWAYS","limit":5,"usage":0},{"metric":"PUBLIC_ADVERTISED_PREFIXES","limit":1,"usage":0},{"metric":"PUBLIC_DELEGATED_PREFIXES","limit":10,"usage":0},{"metric":"STATIC_BYOIP_ADDRESSES","limit":128,"usage":0},{"metric":"NETWORK_FIREWALL_POLICIES","limit":10,"usage":0},{"metric":"INTERNAL_TRAFFIC_DIRECTOR_FORWARDING_RULES","limit":15,"usage":0},{"metric":"GLOBAL_EXTERNAL_MANAGED_FORWARDING_RULES","limit":15,"usage":0},{"metric":"GLOBAL_INTERNAL_MANAGED_BACKEND_SERVICES","limit":50,"usage":0},{"metric":"GLOBAL_EXTERNAL_MANAGED_BACKEND_SERVICES","limit":50,"usage":0},{"metric":"GLOBAL_EXTERNAL_PROXY_LB_BACKEND_SERVICES","limit":50,"usage":0},{"metric":"GLOBAL_INTERNAL_TRAFFIC_DIRECTOR_BACKEND_SERVICES","limit":250,"usage":0}],"selfLink":"https://www.googleapis.com/compute/v1/projects/spartan-8a55f","defaultServiceAccount":"962581589411-compute@developer.gserviceaccount.com","xpnProjectStatus":"UNSPECIFIED_XPN_PROJECT_STATUS","defaultNetworkTier":"PREMIUM","vmDnsSetting":"ZONAL_ONLY","cloudArmorTier":"CA_STANDARD"}
[debug] [2025-09-10T02:47:24.463Z] Checked if tokens are valid: true, expires at: 1757475406955
[debug] [2025-09-10T02:47:24.463Z] Checked if tokens are valid: true, expires at: 1757475406955
[debug] [2025-09-10T02:47:24.463Z] >>> [apiv2][query] GET https://cloudbilling.googleapis.com/v1/projects/spartan-8a55f/billingInfo [none]
[debug] [2025-09-10T02:47:24.707Z] <<< [apiv2][status] GET https://cloudbilling.googleapis.com/v1/projects/spartan-8a55f/billingInfo 200
[debug] [2025-09-10T02:47:24.708Z] <<< [apiv2][body] GET https://cloudbilling.googleapis.com/v1/projects/spartan-8a55f/billingInfo {"name":"projects/spartan-8a55f/billingInfo","projectId":"spartan-8a55f","billingAccountName":"billingAccounts/019174-37E70A-BD27A5","billingEnabled":true}
[debug] [2025-09-10T02:47:24.710Z] Checked if tokens are valid: true, expires at: 1757475406955
[debug] [2025-09-10T02:47:24.710Z] Checked if tokens are valid: true, expires at: 1757475406955
[debug] [2025-09-10T02:47:24.710Z] >>> [apiv2][query] POST https://cloudfunctions.googleapis.com/v2/projects/spartan-8a55f/locations/us-central1/functions:generateUploadUrl [none]
[debug] [2025-09-10T02:47:25.005Z] <<< [apiv2][status] POST https://cloudfunctions.googleapis.com/v2/projects/spartan-8a55f/locations/us-central1/functions:generateUploadUrl 200
[debug] [2025-09-10T02:47:25.005Z] <<< [apiv2][body] POST https://cloudfunctions.googleapis.com/v2/projects/spartan-8a55f/locations/us-central1/functions:generateUploadUrl {"uploadUrl":"https://storage.googleapis.com/gcf-v2-uploads-962581589411.us-central1.cloudfunctions.appspot.com/0d770cdd-2352-43a7-93e0-8b6880d9e3e2.zip?GoogleAccessId=service-962581589411@gcf-admin-robot.iam.gserviceaccount.com&Expires=1757474244&Signature=V7UQr9UCc9fCE6mfKL5lrzPeJXRWe8p3BXUNHaSuSc8jWWZ8Rft4L0V34VnF6ZPIVoqSeGAyNXmUgFWaV2SmXeqXfztf5NSEKARLMWw%2FeU3n6KK2IF%2B8%2FacmMSkvAydBVws4g6CaKjZ06cwDsevpBBJThoCtc5qUE%2BX654tVoLM%2B1OIXAjwV%2B2R4bu337%2BDivNymV9uCiLx2q43gttIIL%2B5OqG%2FondFcop8VlMCE6NCun7FR2JitNIL7dFqHtyNDOybddnivUb82bQfqgnxnuktdkvzMWNywaXziQKoTC94S7ZHCwMlV5pbLo8I8dsTyqFP2RScMa5wewnji5qFNPQ%3D%3D","storageSource":{"bucket":"gcf-v2-uploads-962581589411.us-central1.cloudfunctions.appspot.com","object":"0d770cdd-2352-43a7-93e0-8b6880d9e3e2.zip"}}
[debug] [2025-09-10T02:47:25.007Z] >>> [apiv2][query] PUT https://storage.googleapis.com/gcf-v2-uploads-962581589411.us-central1.cloudfunctions.appspot.com/0d770cdd-2352-43a7-93e0-8b6880d9e3e2.zip GoogleAccessId=service-962581589411%40gcf-admin-robot.iam.gserviceaccount.com&Expires=1757474244&Signature=V7UQr9UCc9fCE6mfKL5lrzPeJXRWe8p3BXUNHaSuSc8jWWZ8Rft4L0V34VnF6ZPIVoqSeGAyNXmUgFWaV2SmXeqXfztf5NSEKARLMWw%2FeU3n6KK2IF%2B8%2FacmMSkvAydBVws4g6CaKjZ06cwDsevpBBJThoCtc5qUE%2BX654tVoLM%2B1OIXAjwV%2B2R4bu337%2BDivNymV9uCiLx2q43gttIIL%2B5OqG%2FondFcop8VlMCE6NCun7FR2JitNIL7dFqHtyNDOybddnivUb82bQfqgnxnuktdkvzMWNywaXziQKoTC94S7ZHCwMlV5pbLo8I8dsTyqFP2RScMa5wewnji5qFNPQ%3D%3D
[debug] [2025-09-10T02:47:25.007Z] >>> [apiv2][body] PUT https://storage.googleapis.com/gcf-v2-uploads-962581589411.us-central1.cloudfunctions.appspot.com/0d770cdd-2352-43a7-93e0-8b6880d9e3e2.zip [stream]
[debug] [2025-09-10T02:47:25.353Z] <<< [apiv2][status] PUT https://storage.googleapis.com/gcf-v2-uploads-962581589411.us-central1.cloudfunctions.appspot.com/0d770cdd-2352-43a7-93e0-8b6880d9e3e2.zip 200
[debug] [2025-09-10T02:47:25.354Z] <<< [apiv2][body] PUT https://storage.googleapis.com/gcf-v2-uploads-962581589411.us-central1.cloudfunctions.appspot.com/0d770cdd-2352-43a7-93e0-8b6880d9e3e2.zip [omitted]
[info] ✔  functions: functions folder uploaded successfully 
[info] i  functions: updating Node.js 20 (2nd Gen) function fatsecretSearchFood(us-central1)... 
[debug] [2025-09-10T02:47:25.361Z] Checked if tokens are valid: true, expires at: 1757475406955
[debug] [2025-09-10T02:47:25.361Z] Checked if tokens are valid: true, expires at: 1757475406955
[debug] [2025-09-10T02:47:25.361Z] >>> [apiv2][query] PATCH https://cloudfunctions.googleapis.com/v2/projects/spartan-8a55f/locations/us-central1/functions/fatsecretSearchFood updateMask=name%2CbuildConfig.runtime%2CbuildConfig.entryPoint%2CbuildConfig.source.storageSource.bucket%2CbuildConfig.source.storageSource.object%2CbuildConfig.environmentVariables%2CbuildConfig.sourceToken%2CserviceConfig.environmentVariables%2CserviceConfig.secretEnvironmentVariables%2CserviceConfig.ingressSettings%2CserviceConfig.timeoutSeconds%2CserviceConfig.serviceAccountEmail%2CserviceConfig.availableMemory%2CserviceConfig.minInstanceCount%2CserviceConfig.maxInstanceCount%2CserviceConfig.maxInstanceRequestConcurrency%2CserviceConfig.availableCpu%2CserviceConfig.vpcConnector%2CserviceConfig.vpcConnectorEgressSettings%2Clabels
[debug] [2025-09-10T02:47:25.361Z] >>> [apiv2][body] PATCH https://cloudfunctions.googleapis.com/v2/projects/spartan-8a55f/locations/us-central1/functions/fatsecretSearchFood {"name":"projects/spartan-8a55f/locations/us-central1/functions/fatsecretSearchFood","buildConfig":{"runtime":"nodejs20","entryPoint":"fatsecretSearchFood","source":{"storageSource":{"bucket":"gcf-v2-uploads-962581589411.us-central1.cloudfunctions.appspot.com","object":"0d770cdd-2352-43a7-93e0-8b6880d9e3e2.zip"}},"environmentVariables":{"GOOGLE_NODE_RUN_SCRIPTS":""}},"serviceConfig":{"environmentVariables":{"FIREBASE_CONFIG":"{\"projectId\":\"spartan-8a55f\",\"storageBucket\":\"spartan-8a55f.appspot.com\",\"locationId\":\"us-central\"}","GCLOUD_PROJECT":"spartan-8a55f","EVENTARC_CLOUD_EVENT_SOURCE":"projects/spartan-8a55f/locations/us-central1/services/fatsecretSearchFood","FUNCTION_TARGET":"fatsecretSearchFood","LOG_EXECUTION_ID":"true","FUNCTION_SIGNATURE_TYPE":"http"},"secretEnvironmentVariables":[{"key":"FATSECRET_KEY","secret":"FATSECRET_KEY","projectId":"spartan-8a55f","version":"1"},{"key":"FATSECRET_SECRET","secret":"FATSECRET_SECRET","projectId":"spartan-8a55f","version":"1"}],"ingressSettings":null,"timeoutSeconds":null,"serviceAccountEmail":null,"availableMemory":"256Mi","minInstanceCount":null,"maxInstanceCount":null,"maxInstanceRequestConcurrency":80,"availableCpu":"1","vpcConnector":"projects/spartan-8a55f/locations/us-central1/connectors/serverless-conn","vpcConnectorEgressSettings":"ALL_TRAFFIC"},"labels":{"deployment-tool":"cli-firebase","deployment-callable":"true","firebase-functions-hash":"8c5262cd082e9851c0a86043c1d907ecfafc72c8"}}
[debug] [2025-09-10T02:47:26.629Z] <<< [apiv2][status] PATCH https://cloudfunctions.googleapis.com/v2/projects/spartan-8a55f/locations/us-central1/functions/fatsecretSearchFood 200
[debug] [2025-09-10T02:47:26.629Z] <<< [apiv2][body] PATCH https://cloudfunctions.googleapis.com/v2/projects/spartan-8a55f/locations/us-central1/functions/fatsecretSearchFood {"name":"projects/spartan-8a55f/locations/us-central1/operations/operation-1757472445555-63e6970d1e2c3-d477a6b3-c73fe2ae","metadata":{"@type":"type.googleapis.com/google.cloud.functions.v2.OperationMetadata","createTime":"2025-09-10T02:47:26.501893876Z","target":"projects/spartan-8a55f/locations/us-central1/functions/fatsecretSearchFood","verb":"update","cancelRequested":false,"apiVersion":"v2"},"done":false}
[debug] [2025-09-10T02:47:26.630Z] Checked if tokens are valid: true, expires at: 1757475406955
[debug] [2025-09-10T02:47:26.630Z] Checked if tokens are valid: true, expires at: 1757475406955
[debug] [2025-09-10T02:47:26.631Z] >>> [apiv2][query] GET https://cloudfunctions.googleapis.com/v2/projects/spartan-8a55f/locations/us-central1/operations/operation-1757472445555-63e6970d1e2c3-d477a6b3-c73fe2ae [none]
[debug] [2025-09-10T02:47:26.843Z] <<< [apiv2][status] GET https://cloudfunctions.googleapis.com/v2/projects/spartan-8a55f/locations/us-central1/operations/operation-1757472445555-63e6970d1e2c3-d477a6b3-c73fe2ae 200
[debug] [2025-09-10T02:47:26.843Z] <<< [apiv2][body] GET https://cloudfunctions.googleapis.com/v2/projects/spartan-8a55f/locations/us-central1/operations/operation-1757472445555-63e6970d1e2c3-d477a6b3-c73fe2ae {"name":"projects/spartan-8a55f/locations/us-central1/operations/operation-1757472445555-63e6970d1e2c3-d477a6b3-c73fe2ae","metadata":{"@type":"type.googleapis.com/google.cloud.functions.v2.OperationMetadata","createTime":"2025-09-10T02:47:26.501893876Z","target":"projects/spartan-8a55f/locations/us-central1/functions/fatsecretSearchFood","verb":"update","cancelRequested":false,"apiVersion":"v2","requestResource":{"@type":"type.googleapis.com/google.cloud.functions.v2.Function","name":"projects/spartan-8a55f/locations/us-central1/functions/fatsecretSearchFood","buildConfig":{"runtime":"nodejs20","entryPoint":"fatsecretSearchFood","source":{"storageSource":{"bucket":"gcf-v2-sources-962581589411-us-central1","object":"fatsecretSearchFood/function-source.zip","generation":"1757472446450168"}},"environmentVariables":{"GOOGLE_NODE_RUN_SCRIPTS":""},"dockerRepository":"projects/spartan-8a55f/locations/us-central1/repositories/gcf-artifacts","sourceProvenance":{"resolvedStorageSource":{"bucket":"gcf-v2-sources-962581589411-us-central1","object":"fatsecretSearchFood/function-source.zip","generation":"1757295041140478"}},"dockerRegistry":"ARTIFACT_REGISTRY","serviceAccount":"projects/spartan-8a55f/serviceAccounts/962581589411-compute@developer.gserviceaccount.com","automaticUpdatePolicy":{}},"serviceConfig":{"service":"projects/spartan-8a55f/locations/us-central1/services/fatsecretsearchfood","timeoutSeconds":60,"environmentVariables":{"FIREBASE_CONFIG":"{\"projectId\":\"spartan-8a55f\",\"storageBucket\":\"spartan-8a55f.appspot.com\",\"locationId\":\"us-central\"}","GCLOUD_PROJECT":"spartan-8a55f","EVENTARC_CLOUD_EVENT_SOURCE":"projects/spartan-8a55f/locations/us-central1/services/fatsecretSearchFood","FUNCTION_TARGET":"fatsecretSearchFood","LOG_EXECUTION_ID":"true","FUNCTION_SIGNATURE_TYPE":"http"},"vpcConnector":"projects/spartan-8a55f/locations/us-central1/connectors/serverless-conn","vpcConnectorEgressSettings":"ALL_TRAFFIC","ingressSettings":"ALLOW_ALL","uri":"https://fatsecretsearchfood-4vg7jm664q-uc.a.run.app","serviceAccountEmail":"962581589411-compute@developer.gserviceaccount.com","availableMemory":"256Mi","allTrafficOnLatestRevision":true,"secretEnvironmentVariables":[{"key":"FATSECRET_KEY","projectId":"spartan-8a55f","secret":"FATSECRET_KEY","version":"1"},{"key":"FATSECRET_SECRET","projectId":"spartan-8a55f","secret":"FATSECRET_SECRET","version":"1"}],"revision":"fatsecretsearchfood-00004-gif","maxInstanceRequestConcurrency":80,"availableCpu":"1"},"state":"ACTIVE","labels":{"deployment-tool":"cli-firebase","deployment-callable":"true","firebase-functions-hash":"8c5262cd082e9851c0a86043c1d907ecfafc72c8"},"environment":"GEN_2","url":"https://us-central1-spartan-8a55f.cloudfunctions.net/fatsecretSearchFood","satisfiesPzi":true},"stages":[{"name":"BUILD","state":"NOT_STARTED"},{"name":"SERVICE","state":"NOT_STARTED"}],"operationType":"UPDATE_FUNCTION"},"done":false}
[debug] [2025-09-10T02:47:27.345Z] [update-default-us-central1-fatsecretSearchFood] Retrying task index 0
[debug] [2025-09-10T02:47:27.346Z] Checked if tokens are valid: true, expires at: 1757475406955
[debug] [2025-09-10T02:47:27.347Z] Checked if tokens are valid: true, expires at: 1757475406955
[debug] [2025-09-10T02:47:27.347Z] >>> [apiv2][query] GET https://cloudfunctions.googleapis.com/v2/projects/spartan-8a55f/locations/us-central1/operations/operation-1757472445555-63e6970d1e2c3-d477a6b3-c73fe2ae [none]
[debug] [2025-09-10T02:47:27.583Z] <<< [apiv2][status] GET https://cloudfunctions.googleapis.com/v2/projects/spartan-8a55f/locations/us-central1/operations/operation-1757472445555-63e6970d1e2c3-d477a6b3-c73fe2ae 200
[debug] [2025-09-10T02:47:27.583Z] <<< [apiv2][body] GET https://cloudfunctions.googleapis.com/v2/projects/spartan-8a55f/locations/us-central1/operations/operation-1757472445555-63e6970d1e2c3-d477a6b3-c73fe2ae {"name":"projects/spartan-8a55f/locations/us-central1/operations/operation-1757472445555-63e6970d1e2c3-d477a6b3-c73fe2ae","metadata":{"@type":"type.googleapis.com/google.cloud.functions.v2.OperationMetadata","createTime":"2025-09-10T02:47:26.501893876Z","target":"projects/spartan-8a55f/locations/us-central1/functions/fatsecretSearchFood","verb":"update","cancelRequested":false,"apiVersion":"v2","requestResource":{"@type":"type.googleapis.com/google.cloud.functions.v2.Function","name":"projects/spartan-8a55f/locations/us-central1/functions/fatsecretSearchFood","buildConfig":{"runtime":"nodejs20","entryPoint":"fatsecretSearchFood","source":{"storageSource":{"bucket":"gcf-v2-sources-962581589411-us-central1","object":"fatsecretSearchFood/function-source.zip","generation":"1757472446450168"}},"environmentVariables":{"GOOGLE_NODE_RUN_SCRIPTS":""},"dockerRepository":"projects/spartan-8a55f/locations/us-central1/repositories/gcf-artifacts","sourceProvenance":{"resolvedStorageSource":{"bucket":"gcf-v2-sources-962581589411-us-central1","object":"fatsecretSearchFood/function-source.zip","generation":"1757295041140478"}},"dockerRegistry":"ARTIFACT_REGISTRY","serviceAccount":"projects/spartan-8a55f/serviceAccounts/962581589411-compute@developer.gserviceaccount.com","automaticUpdatePolicy":{}},"serviceConfig":{"service":"projects/spartan-8a55f/locations/us-central1/services/fatsecretsearchfood","timeoutSeconds":60,"environmentVariables":{"FIREBASE_CONFIG":"{\"projectId\":\"spartan-8a55f\",\"storageBucket\":\"spartan-8a55f.appspot.com\",\"locationId\":\"us-central\"}","GCLOUD_PROJECT":"spartan-8a55f","EVENTARC_CLOUD_EVENT_SOURCE":"projects/spartan-8a55f/locations/us-central1/services/fatsecretSearchFood","FUNCTION_TARGET":"fatsecretSearchFood","LOG_EXECUTION_ID":"true","FUNCTION_SIGNATURE_TYPE":"http"},"vpcConnector":"projects/spartan-8a55f/locations/us-central1/connectors/serverless-conn","vpcConnectorEgressSettings":"ALL_TRAFFIC","ingressSettings":"ALLOW_ALL","uri":"https://fatsecretsearchfood-4vg7jm664q-uc.a.run.app","serviceAccountEmail":"962581589411-compute@developer.gserviceaccount.com","availableMemory":"256Mi","allTrafficOnLatestRevision":true,"secretEnvironmentVariables":[{"key":"FATSECRET_KEY","projectId":"spartan-8a55f","secret":"FATSECRET_KEY","version":"1"},{"key":"FATSECRET_SECRET","projectId":"spartan-8a55f","secret":"FATSECRET_SECRET","version":"1"}],"revision":"fatsecretsearchfood-00004-gif","maxInstanceRequestConcurrency":80,"availableCpu":"1"},"state":"ACTIVE","labels":{"deployment-tool":"cli-firebase","deployment-callable":"true","firebase-functions-hash":"8c5262cd082e9851c0a86043c1d907ecfafc72c8"},"environment":"GEN_2","url":"https://us-central1-spartan-8a55f.cloudfunctions.net/fatsecretSearchFood","satisfiesPzi":true},"stages":[{"name":"BUILD","message":"Build in progress","state":"IN_PROGRESS","resource":"projects/962581589411/locations/us-central1/builds/280ea738-a57e-4f6c-9ab2-e590efe1bfcb","resourceUri":"https://console.cloud.google.com/cloud-build/builds;region=us-central1/280ea738-a57e-4f6c-9ab2-e590efe1bfcb?project=962581589411"},{"name":"SERVICE","state":"NOT_STARTED"}],"operationType":"UPDATE_FUNCTION","buildName":"projects/962581589411/locations/us-central1/builds/280ea738-a57e-4f6c-9ab2-e590efe1bfcb"},"done":false}
[debug] [2025-09-10T02:47:28.585Z] [update-default-us-central1-fatsecretSearchFood] Retrying task index 0
[debug] [2025-09-10T02:47:28.586Z] Checked if tokens are valid: true, expires at: 1757475406955
[debug] [2025-09-10T02:47:28.586Z] Checked if tokens are valid: true, expires at: 1757475406955
[debug] [2025-09-10T02:47:28.587Z] >>> [apiv2][query] GET https://cloudfunctions.googleapis.com/v2/projects/spartan-8a55f/locations/us-central1/operations/operation-1757472445555-63e6970d1e2c3-d477a6b3-c73fe2ae [none]
[debug] [2025-09-10T02:47:28.711Z] <<< [apiv2][status] GET https://cloudfunctions.googleapis.com/v2/projects/spartan-8a55f/locations/us-central1/operations/operation-1757472445555-63e6970d1e2c3-d477a6b3-c73fe2ae 200
[debug] [2025-09-10T02:47:28.712Z] <<< [apiv2][body] GET https://cloudfunctions.googleapis.com/v2/projects/spartan-8a55f/locations/us-central1/operations/operation-1757472445555-63e6970d1e2c3-d477a6b3-c73fe2ae {"name":"projects/spartan-8a55f/locations/us-central1/operations/operation-1757472445555-63e6970d1e2c3-d477a6b3-c73fe2ae","metadata":{"@type":"type.googleapis.com/google.cloud.functions.v2.OperationMetadata","createTime":"2025-09-10T02:47:26.501893876Z","target":"projects/spartan-8a55f/locations/us-central1/functions/fatsecretSearchFood","verb":"update","cancelRequested":false,"apiVersion":"v2","requestResource":{"@type":"type.googleapis.com/google.cloud.functions.v2.Function","name":"projects/spartan-8a55f/locations/us-central1/functions/fatsecretSearchFood","buildConfig":{"runtime":"nodejs20","entryPoint":"fatsecretSearchFood","source":{"storageSource":{"bucket":"gcf-v2-sources-962581589411-us-central1","object":"fatsecretSearchFood/function-source.zip","generation":"1757472446450168"}},"environmentVariables":{"GOOGLE_NODE_RUN_SCRIPTS":""},"dockerRepository":"projects/spartan-8a55f/locations/us-central1/repositories/gcf-artifacts","sourceProvenance":{"resolvedStorageSource":{"bucket":"gcf-v2-sources-962581589411-us-central1","object":"fatsecretSearchFood/function-source.zip","generation":"1757295041140478"}},"dockerRegistry":"ARTIFACT_REGISTRY","serviceAccount":"projects/spartan-8a55f/serviceAccounts/962581589411-compute@developer.gserviceaccount.com","automaticUpdatePolicy":{}},"serviceConfig":{"service":"projects/spartan-8a55f/locations/us-central1/services/fatsecretsearchfood","timeoutSeconds":60,"environmentVariables":{"FIREBASE_CONFIG":"{\"projectId\":\"spartan-8a55f\",\"storageBucket\":\"spartan-8a55f.appspot.com\",\"locationId\":\"us-central\"}","GCLOUD_PROJECT":"spartan-8a55f","EVENTARC_CLOUD_EVENT_SOURCE":"projects/spartan-8a55f/locations/us-central1/services/fatsecretSearchFood","FUNCTION_TARGET":"fatsecretSearchFood","LOG_EXECUTION_ID":"true","FUNCTION_SIGNATURE_TYPE":"http"},"vpcConnector":"projects/spartan-8a55f/locations/us-central1/connectors/serverless-conn","vpcConnectorEgressSettings":"ALL_TRAFFIC","ingressSettings":"ALLOW_ALL","uri":"https://fatsecretsearchfood-4vg7jm664q-uc.a.run.app","serviceAccountEmail":"962581589411-compute@developer.gserviceaccount.com","availableMemory":"256Mi","allTrafficOnLatestRevision":true,"secretEnvironmentVariables":[{"key":"FATSECRET_KEY","projectId":"spartan-8a55f","secret":"FATSECRET_KEY","version":"1"},{"key":"FATSECRET_SECRET","projectId":"spartan-8a55f","secret":"FATSECRET_SECRET","version":"1"}],"revision":"fatsecretsearchfood-00004-gif","maxInstanceRequestConcurrency":80,"availableCpu":"1"},"state":"ACTIVE","labels":{"deployment-tool":"cli-firebase","deployment-callable":"true","firebase-functions-hash":"8c5262cd082e9851c0a86043c1d907ecfafc72c8"},"environment":"GEN_2","url":"https://us-central1-spartan-8a55f.cloudfunctions.net/fatsecretSearchFood","satisfiesPzi":true},"stages":[{"name":"BUILD","message":"Build in progress","state":"IN_PROGRESS","resource":"projects/962581589411/locations/us-central1/builds/280ea738-a57e-4f6c-9ab2-e590efe1bfcb","resourceUri":"https://console.cloud.google.com/cloud-build/builds;region=us-central1/280ea738-a57e-4f6c-9ab2-e590efe1bfcb?project=962581589411"},{"name":"SERVICE","state":"NOT_STARTED"}],"operationType":"UPDATE_FUNCTION","buildName":"projects/962581589411/locations/us-central1/builds/280ea738-a57e-4f6c-9ab2-e590efe1bfcb"},"done":false}
[debug] [2025-09-10T02:47:30.714Z] [update-default-us-central1-fatsecretSearchFood] Retrying task index 0
[debug] [2025-09-10T02:47:30.715Z] Checked if tokens are valid: true, expires at: 1757475406955
[debug] [2025-09-10T02:47:30.715Z] Checked if tokens are valid: true, expires at: 1757475406955
[debug] [2025-09-10T02:47:30.715Z] >>> [apiv2][query] GET https://cloudfunctions.googleapis.com/v2/projects/spartan-8a55f/locations/us-central1/operations/operation-1757472445555-63e6970d1e2c3-d477a6b3-c73fe2ae [none]
[debug] [2025-09-10T02:47:30.927Z] <<< [apiv2][status] GET https://cloudfunctions.googleapis.com/v2/projects/spartan-8a55f/locations/us-central1/operations/operation-1757472445555-63e6970d1e2c3-d477a6b3-c73fe2ae 200
[debug] [2025-09-10T02:47:30.927Z] <<< [apiv2][body] GET https://cloudfunctions.googleapis.com/v2/projects/spartan-8a55f/locations/us-central1/operations/operation-1757472445555-63e6970d1e2c3-d477a6b3-c73fe2ae {"name":"projects/spartan-8a55f/locations/us-central1/operations/operation-1757472445555-63e6970d1e2c3-d477a6b3-c73fe2ae","metadata":{"@type":"type.googleapis.com/google.cloud.functions.v2.OperationMetadata","createTime":"2025-09-10T02:47:26.501893876Z","target":"projects/spartan-8a55f/locations/us-central1/functions/fatsecretSearchFood","verb":"update","cancelRequested":false,"apiVersion":"v2","requestResource":{"@type":"type.googleapis.com/google.cloud.functions.v2.Function","name":"projects/spartan-8a55f/locations/us-central1/functions/fatsecretSearchFood","buildConfig":{"runtime":"nodejs20","entryPoint":"fatsecretSearchFood","source":{"storageSource":{"bucket":"gcf-v2-sources-962581589411-us-central1","object":"fatsecretSearchFood/function-source.zip","generation":"1757472446450168"}},"environmentVariables":{"GOOGLE_NODE_RUN_SCRIPTS":""},"dockerRepository":"projects/spartan-8a55f/locations/us-central1/repositories/gcf-artifacts","sourceProvenance":{"resolvedStorageSource":{"bucket":"gcf-v2-sources-962581589411-us-central1","object":"fatsecretSearchFood/function-source.zip","generation":"1757295041140478"}},"dockerRegistry":"ARTIFACT_REGISTRY","serviceAccount":"projects/spartan-8a55f/serviceAccounts/962581589411-compute@developer.gserviceaccount.com","automaticUpdatePolicy":{}},"serviceConfig":{"service":"projects/spartan-8a55f/locations/us-central1/services/fatsecretsearchfood","timeoutSeconds":60,"environmentVariables":{"FIREBASE_CONFIG":"{\"projectId\":\"spartan-8a55f\",\"storageBucket\":\"spartan-8a55f.appspot.com\",\"locationId\":\"us-central\"}","GCLOUD_PROJECT":"spartan-8a55f","EVENTARC_CLOUD_EVENT_SOURCE":"projects/spartan-8a55f/locations/us-central1/services/fatsecretSearchFood","FUNCTION_TARGET":"fatsecretSearchFood","LOG_EXECUTION_ID":"true","FUNCTION_SIGNATURE_TYPE":"http"},"vpcConnector":"projects/spartan-8a55f/locations/us-central1/connectors/serverless-conn","vpcConnectorEgressSettings":"ALL_TRAFFIC","ingressSettings":"ALLOW_ALL","uri":"https://fatsecretsearchfood-4vg7jm664q-uc.a.run.app","serviceAccountEmail":"962581589411-compute@developer.gserviceaccount.com","availableMemory":"256Mi","allTrafficOnLatestRevision":true,"secretEnvironmentVariables":[{"key":"FATSECRET_KEY","projectId":"spartan-8a55f","secret":"FATSECRET_KEY","version":"1"},{"key":"FATSECRET_SECRET","projectId":"spartan-8a55f","secret":"FATSECRET_SECRET","version":"1"}],"revision":"fatsecretsearchfood-00004-gif","maxInstanceRequestConcurrency":80,"availableCpu":"1"},"state":"ACTIVE","labels":{"deployment-tool":"cli-firebase","deployment-callable":"true","firebase-functions-hash":"8c5262cd082e9851c0a86043c1d907ecfafc72c8"},"environment":"GEN_2","url":"https://us-central1-spartan-8a55f.cloudfunctions.net/fatsecretSearchFood","satisfiesPzi":true},"stages":[{"name":"BUILD","message":"Build in progress","state":"IN_PROGRESS","resource":"projects/962581589411/locations/us-central1/builds/280ea738-a57e-4f6c-9ab2-e590efe1bfcb","resourceUri":"https://console.cloud.google.com/cloud-build/builds;region=us-central1/280ea738-a57e-4f6c-9ab2-e590efe1bfcb?project=962581589411"},{"name":"SERVICE","state":"NOT_STARTED"}],"operationType":"UPDATE_FUNCTION","buildName":"projects/962581589411/locations/us-central1/builds/280ea738-a57e-4f6c-9ab2-e590efe1bfcb"},"done":false}
[debug] [2025-09-10T02:47:34.931Z] [update-default-us-central1-fatsecretSearchFood] Retrying task index 0
[debug] [2025-09-10T02:47:34.934Z] Checked if tokens are valid: true, expires at: 1757475406955
[debug] [2025-09-10T02:47:34.935Z] Checked if tokens are valid: true, expires at: 1757475406955
[debug] [2025-09-10T02:47:34.935Z] >>> [apiv2][query] GET https://cloudfunctions.googleapis.com/v2/projects/spartan-8a55f/locations/us-central1/operations/operation-1757472445555-63e6970d1e2c3-d477a6b3-c73fe2ae [none]
[debug] [2025-09-10T02:47:35.155Z] <<< [apiv2][status] GET https://cloudfunctions.googleapis.com/v2/projects/spartan-8a55f/locations/us-central1/operations/operation-1757472445555-63e6970d1e2c3-d477a6b3-c73fe2ae 200
[debug] [2025-09-10T02:47:35.155Z] <<< [apiv2][body] GET https://cloudfunctions.googleapis.com/v2/projects/spartan-8a55f/locations/us-central1/operations/operation-1757472445555-63e6970d1e2c3-d477a6b3-c73fe2ae {"name":"projects/spartan-8a55f/locations/us-central1/operations/operation-1757472445555-63e6970d1e2c3-d477a6b3-c73fe2ae","metadata":{"@type":"type.googleapis.com/google.cloud.functions.v2.OperationMetadata","createTime":"2025-09-10T02:47:26.501893876Z","target":"projects/spartan-8a55f/locations/us-central1/functions/fatsecretSearchFood","verb":"update","cancelRequested":false,"apiVersion":"v2","requestResource":{"@type":"type.googleapis.com/google.cloud.functions.v2.Function","name":"projects/spartan-8a55f/locations/us-central1/functions/fatsecretSearchFood","buildConfig":{"runtime":"nodejs20","entryPoint":"fatsecretSearchFood","source":{"storageSource":{"bucket":"gcf-v2-sources-962581589411-us-central1","object":"fatsecretSearchFood/function-source.zip","generation":"1757472446450168"}},"environmentVariables":{"GOOGLE_NODE_RUN_SCRIPTS":""},"dockerRepository":"projects/spartan-8a55f/locations/us-central1/repositories/gcf-artifacts","sourceProvenance":{"resolvedStorageSource":{"bucket":"gcf-v2-sources-962581589411-us-central1","object":"fatsecretSearchFood/function-source.zip","generation":"1757295041140478"}},"dockerRegistry":"ARTIFACT_REGISTRY","serviceAccount":"projects/spartan-8a55f/serviceAccounts/962581589411-compute@developer.gserviceaccount.com","automaticUpdatePolicy":{}},"serviceConfig":{"service":"projects/spartan-8a55f/locations/us-central1/services/fatsecretsearchfood","timeoutSeconds":60,"environmentVariables":{"FIREBASE_CONFIG":"{\"projectId\":\"spartan-8a55f\",\"storageBucket\":\"spartan-8a55f.appspot.com\",\"locationId\":\"us-central\"}","GCLOUD_PROJECT":"spartan-8a55f","EVENTARC_CLOUD_EVENT_SOURCE":"projects/spartan-8a55f/locations/us-central1/services/fatsecretSearchFood","FUNCTION_TARGET":"fatsecretSearchFood","LOG_EXECUTION_ID":"true","FUNCTION_SIGNATURE_TYPE":"http"},"vpcConnector":"projects/spartan-8a55f/locations/us-central1/connectors/serverless-conn","vpcConnectorEgressSettings":"ALL_TRAFFIC","ingressSettings":"ALLOW_ALL","uri":"https://fatsecretsearchfood-4vg7jm664q-uc.a.run.app","serviceAccountEmail":"962581589411-compute@developer.gserviceaccount.com","availableMemory":"256Mi","allTrafficOnLatestRevision":true,"secretEnvironmentVariables":[{"key":"FATSECRET_KEY","projectId":"spartan-8a55f","secret":"FATSECRET_KEY","version":"1"},{"key":"FATSECRET_SECRET","projectId":"spartan-8a55f","secret":"FATSECRET_SECRET","version":"1"}],"revision":"fatsecretsearchfood-00004-gif","maxInstanceRequestConcurrency":80,"availableCpu":"1"},"state":"ACTIVE","labels":{"deployment-tool":"cli-firebase","deployment-callable":"true","firebase-functions-hash":"8c5262cd082e9851c0a86043c1d907ecfafc72c8"},"environment":"GEN_2","url":"https://us-central1-spartan-8a55f.cloudfunctions.net/fatsecretSearchFood","satisfiesPzi":true},"stages":[{"name":"BUILD","message":"Build in progress","state":"IN_PROGRESS","resource":"projects/962581589411/locations/us-central1/builds/280ea738-a57e-4f6c-9ab2-e590efe1bfcb","resourceUri":"https://console.cloud.google.com/cloud-build/builds;region=us-central1/280ea738-a57e-4f6c-9ab2-e590efe1bfcb?project=962581589411"},{"name":"SERVICE","state":"NOT_STARTED"}],"operationType":"UPDATE_FUNCTION","buildName":"projects/962581589411/locations/us-central1/builds/280ea738-a57e-4f6c-9ab2-e590efe1bfcb"},"done":false}
[debug] [2025-09-10T02:47:43.157Z] [update-default-us-central1-fatsecretSearchFood] Retrying task index 0
[debug] [2025-09-10T02:47:43.158Z] Checked if tokens are valid: true, expires at: 1757475406955
[debug] [2025-09-10T02:47:43.158Z] Checked if tokens are valid: true, expires at: 1757475406955
[debug] [2025-09-10T02:47:43.158Z] >>> [apiv2][query] GET https://cloudfunctions.googleapis.com/v2/projects/spartan-8a55f/locations/us-central1/operations/operation-1757472445555-63e6970d1e2c3-d477a6b3-c73fe2ae [none]
[debug] [2025-09-10T02:47:43.462Z] <<< [apiv2][status] GET https://cloudfunctions.googleapis.com/v2/projects/spartan-8a55f/locations/us-central1/operations/operation-1757472445555-63e6970d1e2c3-d477a6b3-c73fe2ae 200
[debug] [2025-09-10T02:47:43.462Z] <<< [apiv2][body] GET https://cloudfunctions.googleapis.com/v2/projects/spartan-8a55f/locations/us-central1/operations/operation-1757472445555-63e6970d1e2c3-d477a6b3-c73fe2ae {"name":"projects/spartan-8a55f/locations/us-central1/operations/operation-1757472445555-63e6970d1e2c3-d477a6b3-c73fe2ae","metadata":{"@type":"type.googleapis.com/google.cloud.functions.v2.OperationMetadata","createTime":"2025-09-10T02:47:26.501893876Z","target":"projects/spartan-8a55f/locations/us-central1/functions/fatsecretSearchFood","verb":"update","cancelRequested":false,"apiVersion":"v2","requestResource":{"@type":"type.googleapis.com/google.cloud.functions.v2.Function","name":"projects/spartan-8a55f/locations/us-central1/functions/fatsecretSearchFood","buildConfig":{"runtime":"nodejs20","entryPoint":"fatsecretSearchFood","source":{"storageSource":{"bucket":"gcf-v2-sources-962581589411-us-central1","object":"fatsecretSearchFood/function-source.zip","generation":"1757472446450168"}},"environmentVariables":{"GOOGLE_NODE_RUN_SCRIPTS":""},"dockerRepository":"projects/spartan-8a55f/locations/us-central1/repositories/gcf-artifacts","sourceProvenance":{"resolvedStorageSource":{"bucket":"gcf-v2-sources-962581589411-us-central1","object":"fatsecretSearchFood/function-source.zip","generation":"1757295041140478"}},"dockerRegistry":"ARTIFACT_REGISTRY","serviceAccount":"projects/spartan-8a55f/serviceAccounts/962581589411-compute@developer.gserviceaccount.com","automaticUpdatePolicy":{}},"serviceConfig":{"service":"projects/spartan-8a55f/locations/us-central1/services/fatsecretsearchfood","timeoutSeconds":60,"environmentVariables":{"FIREBASE_CONFIG":"{\"projectId\":\"spartan-8a55f\",\"storageBucket\":\"spartan-8a55f.appspot.com\",\"locationId\":\"us-central\"}","GCLOUD_PROJECT":"spartan-8a55f","EVENTARC_CLOUD_EVENT_SOURCE":"projects/spartan-8a55f/locations/us-central1/services/fatsecretSearchFood","FUNCTION_TARGET":"fatsecretSearchFood","LOG_EXECUTION_ID":"true","FUNCTION_SIGNATURE_TYPE":"http"},"vpcConnector":"projects/spartan-8a55f/locations/us-central1/connectors/serverless-conn","vpcConnectorEgressSettings":"ALL_TRAFFIC","ingressSettings":"ALLOW_ALL","uri":"https://fatsecretsearchfood-4vg7jm664q-uc.a.run.app","serviceAccountEmail":"962581589411-compute@developer.gserviceaccount.com","availableMemory":"256Mi","allTrafficOnLatestRevision":true,"secretEnvironmentVariables":[{"key":"FATSECRET_KEY","projectId":"spartan-8a55f","secret":"FATSECRET_KEY","version":"1"},{"key":"FATSECRET_SECRET","projectId":"spartan-8a55f","secret":"FATSECRET_SECRET","version":"1"}],"revision":"fatsecretsearchfood-00004-gif","maxInstanceRequestConcurrency":80,"availableCpu":"1"},"state":"ACTIVE","labels":{"deployment-tool":"cli-firebase","deployment-callable":"true","firebase-functions-hash":"8c5262cd082e9851c0a86043c1d907ecfafc72c8"},"environment":"GEN_2","url":"https://us-central1-spartan-8a55f.cloudfunctions.net/fatsecretSearchFood","satisfiesPzi":true},"stages":[{"name":"BUILD","message":"Build in progress","state":"IN_PROGRESS","resource":"projects/962581589411/locations/us-central1/builds/280ea738-a57e-4f6c-9ab2-e590efe1bfcb","resourceUri":"https://console.cloud.google.com/cloud-build/builds;region=us-central1/280ea738-a57e-4f6c-9ab2-e590efe1bfcb?project=962581589411"},{"name":"SERVICE","state":"NOT_STARTED"}],"operationType":"UPDATE_FUNCTION","buildName":"projects/962581589411/locations/us-central1/builds/280ea738-a57e-4f6c-9ab2-e590efe1bfcb"},"done":false}
[debug] [2025-09-10T02:47:53.463Z] [update-default-us-central1-fatsecretSearchFood] Retrying task index 0
[debug] [2025-09-10T02:47:53.464Z] Checked if tokens are valid: true, expires at: 1757475406955
[debug] [2025-09-10T02:47:53.464Z] Checked if tokens are valid: true, expires at: 1757475406955
[debug] [2025-09-10T02:47:53.465Z] >>> [apiv2][query] GET https://cloudfunctions.googleapis.com/v2/projects/spartan-8a55f/locations/us-central1/operations/operation-1757472445555-63e6970d1e2c3-d477a6b3-c73fe2ae [none]
[debug] [2025-09-10T02:47:53.735Z] <<< [apiv2][status] GET https://cloudfunctions.googleapis.com/v2/projects/spartan-8a55f/locations/us-central1/operations/operation-1757472445555-63e6970d1e2c3-d477a6b3-c73fe2ae 200
[debug] [2025-09-10T02:47:53.736Z] <<< [apiv2][body] GET https://cloudfunctions.googleapis.com/v2/projects/spartan-8a55f/locations/us-central1/operations/operation-1757472445555-63e6970d1e2c3-d477a6b3-c73fe2ae {"name":"projects/spartan-8a55f/locations/us-central1/operations/operation-1757472445555-63e6970d1e2c3-d477a6b3-c73fe2ae","metadata":{"@type":"type.googleapis.com/google.cloud.functions.v2.OperationMetadata","createTime":"2025-09-10T02:47:26.501893876Z","target":"projects/spartan-8a55f/locations/us-central1/functions/fatsecretSearchFood","verb":"update","cancelRequested":false,"apiVersion":"v2","requestResource":{"@type":"type.googleapis.com/google.cloud.functions.v2.Function","name":"projects/spartan-8a55f/locations/us-central1/functions/fatsecretSearchFood","buildConfig":{"runtime":"nodejs20","entryPoint":"fatsecretSearchFood","source":{"storageSource":{"bucket":"gcf-v2-sources-962581589411-us-central1","object":"fatsecretSearchFood/function-source.zip","generation":"1757472446450168"}},"environmentVariables":{"GOOGLE_NODE_RUN_SCRIPTS":""},"dockerRepository":"projects/spartan-8a55f/locations/us-central1/repositories/gcf-artifacts","sourceProvenance":{"resolvedStorageSource":{"bucket":"gcf-v2-sources-962581589411-us-central1","object":"fatsecretSearchFood/function-source.zip","generation":"1757295041140478"}},"dockerRegistry":"ARTIFACT_REGISTRY","serviceAccount":"projects/spartan-8a55f/serviceAccounts/962581589411-compute@developer.gserviceaccount.com","automaticUpdatePolicy":{}},"serviceConfig":{"service":"projects/spartan-8a55f/locations/us-central1/services/fatsecretsearchfood","timeoutSeconds":60,"environmentVariables":{"FIREBASE_CONFIG":"{\"projectId\":\"spartan-8a55f\",\"storageBucket\":\"spartan-8a55f.appspot.com\",\"locationId\":\"us-central\"}","GCLOUD_PROJECT":"spartan-8a55f","EVENTARC_CLOUD_EVENT_SOURCE":"projects/spartan-8a55f/locations/us-central1/services/fatsecretSearchFood","FUNCTION_TARGET":"fatsecretSearchFood","LOG_EXECUTION_ID":"true","FUNCTION_SIGNATURE_TYPE":"http"},"vpcConnector":"projects/spartan-8a55f/locations/us-central1/connectors/serverless-conn","vpcConnectorEgressSettings":"ALL_TRAFFIC","ingressSettings":"ALLOW_ALL","uri":"https://fatsecretsearchfood-4vg7jm664q-uc.a.run.app","serviceAccountEmail":"962581589411-compute@developer.gserviceaccount.com","availableMemory":"256Mi","allTrafficOnLatestRevision":true,"secretEnvironmentVariables":[{"key":"FATSECRET_KEY","projectId":"spartan-8a55f","secret":"FATSECRET_KEY","version":"1"},{"key":"FATSECRET_SECRET","projectId":"spartan-8a55f","secret":"FATSECRET_SECRET","version":"1"}],"revision":"fatsecretsearchfood-00004-gif","maxInstanceRequestConcurrency":80,"availableCpu":"1"},"state":"ACTIVE","labels":{"deployment-tool":"cli-firebase","deployment-callable":"true","firebase-functions-hash":"8c5262cd082e9851c0a86043c1d907ecfafc72c8"},"environment":"GEN_2","url":"https://us-central1-spartan-8a55f.cloudfunctions.net/fatsecretSearchFood","satisfiesPzi":true},"stages":[{"name":"BUILD","message":"Build in progress","state":"IN_PROGRESS","resource":"projects/962581589411/locations/us-central1/builds/280ea738-a57e-4f6c-9ab2-e590efe1bfcb","resourceUri":"https://console.cloud.google.com/cloud-build/builds;region=us-central1/280ea738-a57e-4f6c-9ab2-e590efe1bfcb?project=962581589411"},{"name":"SERVICE","state":"NOT_STARTED"}],"operationType":"UPDATE_FUNCTION","buildName":"projects/962581589411/locations/us-central1/builds/280ea738-a57e-4f6c-9ab2-e590efe1bfcb"},"done":false}
[debug] [2025-09-10T02:48:03.738Z] [update-default-us-central1-fatsecretSearchFood] Retrying task index 0
[debug] [2025-09-10T02:48:03.739Z] Checked if tokens are valid: true, expires at: 1757475406955
[debug] [2025-09-10T02:48:03.739Z] Checked if tokens are valid: true, expires at: 1757475406955
[debug] [2025-09-10T02:48:03.740Z] >>> [apiv2][query] GET https://cloudfunctions.googleapis.com/v2/projects/spartan-8a55f/locations/us-central1/operations/operation-1757472445555-63e6970d1e2c3-d477a6b3-c73fe2ae [none]
[debug] [2025-09-10T02:48:04.088Z] <<< [apiv2][status] GET https://cloudfunctions.googleapis.com/v2/projects/spartan-8a55f/locations/us-central1/operations/operation-1757472445555-63e6970d1e2c3-d477a6b3-c73fe2ae 200
[debug] [2025-09-10T02:48:04.089Z] <<< [apiv2][body] GET https://cloudfunctions.googleapis.com/v2/projects/spartan-8a55f/locations/us-central1/operations/operation-1757472445555-63e6970d1e2c3-d477a6b3-c73fe2ae {"name":"projects/spartan-8a55f/locations/us-central1/operations/operation-1757472445555-63e6970d1e2c3-d477a6b3-c73fe2ae","metadata":{"@type":"type.googleapis.com/google.cloud.functions.v2.OperationMetadata","createTime":"2025-09-10T02:47:26.501893876Z","target":"projects/spartan-8a55f/locations/us-central1/functions/fatsecretSearchFood","verb":"update","cancelRequested":false,"apiVersion":"v2","requestResource":{"@type":"type.googleapis.com/google.cloud.functions.v2.Function","name":"projects/spartan-8a55f/locations/us-central1/functions/fatsecretSearchFood","buildConfig":{"runtime":"nodejs20","entryPoint":"fatsecretSearchFood","source":{"storageSource":{"bucket":"gcf-v2-sources-962581589411-us-central1","object":"fatsecretSearchFood/function-source.zip","generation":"1757472446450168"}},"environmentVariables":{"GOOGLE_NODE_RUN_SCRIPTS":""},"dockerRepository":"projects/spartan-8a55f/locations/us-central1/repositories/gcf-artifacts","sourceProvenance":{"resolvedStorageSource":{"bucket":"gcf-v2-sources-962581589411-us-central1","object":"fatsecretSearchFood/function-source.zip","generation":"1757295041140478"}},"dockerRegistry":"ARTIFACT_REGISTRY","serviceAccount":"projects/spartan-8a55f/serviceAccounts/962581589411-compute@developer.gserviceaccount.com","automaticUpdatePolicy":{}},"serviceConfig":{"service":"projects/spartan-8a55f/locations/us-central1/services/fatsecretsearchfood","timeoutSeconds":60,"environmentVariables":{"FIREBASE_CONFIG":"{\"projectId\":\"spartan-8a55f\",\"storageBucket\":\"spartan-8a55f.appspot.com\",\"locationId\":\"us-central\"}","GCLOUD_PROJECT":"spartan-8a55f","EVENTARC_CLOUD_EVENT_SOURCE":"projects/spartan-8a55f/locations/us-central1/services/fatsecretSearchFood","FUNCTION_TARGET":"fatsecretSearchFood","LOG_EXECUTION_ID":"true","FUNCTION_SIGNATURE_TYPE":"http"},"vpcConnector":"projects/spartan-8a55f/locations/us-central1/connectors/serverless-conn","vpcConnectorEgressSettings":"ALL_TRAFFIC","ingressSettings":"ALLOW_ALL","uri":"https://fatsecretsearchfood-4vg7jm664q-uc.a.run.app","serviceAccountEmail":"962581589411-compute@developer.gserviceaccount.com","availableMemory":"256Mi","allTrafficOnLatestRevision":true,"secretEnvironmentVariables":[{"key":"FATSECRET_KEY","projectId":"spartan-8a55f","secret":"FATSECRET_KEY","version":"1"},{"key":"FATSECRET_SECRET","projectId":"spartan-8a55f","secret":"FATSECRET_SECRET","version":"1"}],"revision":"fatsecretsearchfood-00004-gif","maxInstanceRequestConcurrency":80,"availableCpu":"1"},"state":"ACTIVE","labels":{"deployment-tool":"cli-firebase","deployment-callable":"true","firebase-functions-hash":"8c5262cd082e9851c0a86043c1d907ecfafc72c8"},"environment":"GEN_2","url":"https://us-central1-spartan-8a55f.cloudfunctions.net/fatsecretSearchFood","satisfiesPzi":true},"stages":[{"name":"BUILD","message":"Build in progress","state":"IN_PROGRESS","resource":"projects/962581589411/locations/us-central1/builds/280ea738-a57e-4f6c-9ab2-e590efe1bfcb","resourceUri":"https://console.cloud.google.com/cloud-build/builds;region=us-central1/280ea738-a57e-4f6c-9ab2-e590efe1bfcb?project=962581589411"},{"name":"SERVICE","state":"NOT_STARTED"}],"operationType":"UPDATE_FUNCTION","buildName":"projects/962581589411/locations/us-central1/builds/280ea738-a57e-4f6c-9ab2-e590efe1bfcb"},"done":false}
[debug] [2025-09-10T02:48:14.090Z] [update-default-us-central1-fatsecretSearchFood] Retrying task index 0
[debug] [2025-09-10T02:48:14.094Z] Checked if tokens are valid: true, expires at: 1757475406955
[debug] [2025-09-10T02:48:14.094Z] Checked if tokens are valid: true, expires at: 1757475406955
[debug] [2025-09-10T02:48:14.095Z] >>> [apiv2][query] GET https://cloudfunctions.googleapis.com/v2/projects/spartan-8a55f/locations/us-central1/operations/operation-1757472445555-63e6970d1e2c3-d477a6b3-c73fe2ae [none]
[debug] [2025-09-10T02:48:14.411Z] <<< [apiv2][status] GET https://cloudfunctions.googleapis.com/v2/projects/spartan-8a55f/locations/us-central1/operations/operation-1757472445555-63e6970d1e2c3-d477a6b3-c73fe2ae 200
[debug] [2025-09-10T02:48:14.411Z] <<< [apiv2][body] GET https://cloudfunctions.googleapis.com/v2/projects/spartan-8a55f/locations/us-central1/operations/operation-1757472445555-63e6970d1e2c3-d477a6b3-c73fe2ae {"name":"projects/spartan-8a55f/locations/us-central1/operations/operation-1757472445555-63e6970d1e2c3-d477a6b3-c73fe2ae","metadata":{"@type":"type.googleapis.com/google.cloud.functions.v2.OperationMetadata","createTime":"2025-09-10T02:47:26.501893876Z","target":"projects/spartan-8a55f/locations/us-central1/functions/fatsecretSearchFood","verb":"update","cancelRequested":false,"apiVersion":"v2","requestResource":{"@type":"type.googleapis.com/google.cloud.functions.v2.Function","name":"projects/spartan-8a55f/locations/us-central1/functions/fatsecretSearchFood","buildConfig":{"runtime":"nodejs20","entryPoint":"fatsecretSearchFood","source":{"storageSource":{"bucket":"gcf-v2-sources-962581589411-us-central1","object":"fatsecretSearchFood/function-source.zip","generation":"1757472446450168"}},"environmentVariables":{"GOOGLE_NODE_RUN_SCRIPTS":""},"dockerRepository":"projects/spartan-8a55f/locations/us-central1/repositories/gcf-artifacts","sourceProvenance":{"resolvedStorageSource":{"bucket":"gcf-v2-sources-962581589411-us-central1","object":"fatsecretSearchFood/function-source.zip","generation":"1757295041140478"}},"dockerRegistry":"ARTIFACT_REGISTRY","serviceAccount":"projects/spartan-8a55f/serviceAccounts/962581589411-compute@developer.gserviceaccount.com","automaticUpdatePolicy":{}},"serviceConfig":{"service":"projects/spartan-8a55f/locations/us-central1/services/fatsecretsearchfood","timeoutSeconds":60,"environmentVariables":{"FIREBASE_CONFIG":"{\"projectId\":\"spartan-8a55f\",\"storageBucket\":\"spartan-8a55f.appspot.com\",\"locationId\":\"us-central\"}","GCLOUD_PROJECT":"spartan-8a55f","EVENTARC_CLOUD_EVENT_SOURCE":"projects/spartan-8a55f/locations/us-central1/services/fatsecretSearchFood","FUNCTION_TARGET":"fatsecretSearchFood","LOG_EXECUTION_ID":"true","FUNCTION_SIGNATURE_TYPE":"http"},"vpcConnector":"projects/spartan-8a55f/locations/us-central1/connectors/serverless-conn","vpcConnectorEgressSettings":"ALL_TRAFFIC","ingressSettings":"ALLOW_ALL","uri":"https://fatsecretsearchfood-4vg7jm664q-uc.a.run.app","serviceAccountEmail":"962581589411-compute@developer.gserviceaccount.com","availableMemory":"256Mi","allTrafficOnLatestRevision":true,"secretEnvironmentVariables":[{"key":"FATSECRET_KEY","projectId":"spartan-8a55f","secret":"FATSECRET_KEY","version":"1"},{"key":"FATSECRET_SECRET","projectId":"spartan-8a55f","secret":"FATSECRET_SECRET","version":"1"}],"revision":"fatsecretsearchfood-00004-gif","maxInstanceRequestConcurrency":80,"availableCpu":"1"},"state":"ACTIVE","labels":{"deployment-tool":"cli-firebase","deployment-callable":"true","firebase-functions-hash":"8c5262cd082e9851c0a86043c1d907ecfafc72c8"},"environment":"GEN_2","url":"https://us-central1-spartan-8a55f.cloudfunctions.net/fatsecretSearchFood","satisfiesPzi":true},"stages":[{"name":"BUILD","message":"Build in progress","state":"IN_PROGRESS","resource":"projects/962581589411/locations/us-central1/builds/280ea738-a57e-4f6c-9ab2-e590efe1bfcb","resourceUri":"https://console.cloud.google.com/cloud-build/builds;region=us-central1/280ea738-a57e-4f6c-9ab2-e590efe1bfcb?project=962581589411"},{"name":"SERVICE","state":"NOT_STARTED"}],"operationType":"UPDATE_FUNCTION","buildName":"projects/962581589411/locations/us-central1/builds/280ea738-a57e-4f6c-9ab2-e590efe1bfcb"},"done":false}
[debug] [2025-09-10T02:48:24.413Z] [update-default-us-central1-fatsecretSearchFood] Retrying task index 0
[debug] [2025-09-10T02:48:24.415Z] Checked if tokens are valid: true, expires at: 1757475406955
[debug] [2025-09-10T02:48:24.415Z] Checked if tokens are valid: true, expires at: 1757475406955
[debug] [2025-09-10T02:48:24.415Z] >>> [apiv2][query] GET https://cloudfunctions.googleapis.com/v2/projects/spartan-8a55f/locations/us-central1/operations/operation-1757472445555-63e6970d1e2c3-d477a6b3-c73fe2ae [none]
[debug] [2025-09-10T02:48:24.742Z] <<< [apiv2][status] GET https://cloudfunctions.googleapis.com/v2/projects/spartan-8a55f/locations/us-central1/operations/operation-1757472445555-63e6970d1e2c3-d477a6b3-c73fe2ae 200
[debug] [2025-09-10T02:48:24.743Z] <<< [apiv2][body] GET https://cloudfunctions.googleapis.com/v2/projects/spartan-8a55f/locations/us-central1/operations/operation-1757472445555-63e6970d1e2c3-d477a6b3-c73fe2ae {"name":"projects/spartan-8a55f/locations/us-central1/operations/operation-1757472445555-63e6970d1e2c3-d477a6b3-c73fe2ae","metadata":{"@type":"type.googleapis.com/google.cloud.functions.v2.OperationMetadata","createTime":"2025-09-10T02:47:26.501893876Z","target":"projects/spartan-8a55f/locations/us-central1/functions/fatsecretSearchFood","verb":"update","cancelRequested":false,"apiVersion":"v2","requestResource":{"@type":"type.googleapis.com/google.cloud.functions.v2.Function","name":"projects/spartan-8a55f/locations/us-central1/functions/fatsecretSearchFood","buildConfig":{"runtime":"nodejs20","entryPoint":"fatsecretSearchFood","source":{"storageSource":{"bucket":"gcf-v2-sources-962581589411-us-central1","object":"fatsecretSearchFood/function-source.zip","generation":"1757472446450168"}},"environmentVariables":{"GOOGLE_NODE_RUN_SCRIPTS":""},"dockerRepository":"projects/spartan-8a55f/locations/us-central1/repositories/gcf-artifacts","sourceProvenance":{"resolvedStorageSource":{"bucket":"gcf-v2-sources-962581589411-us-central1","object":"fatsecretSearchFood/function-source.zip","generation":"1757295041140478"}},"dockerRegistry":"ARTIFACT_REGISTRY","serviceAccount":"projects/spartan-8a55f/serviceAccounts/962581589411-compute@developer.gserviceaccount.com","automaticUpdatePolicy":{}},"serviceConfig":{"service":"projects/spartan-8a55f/locations/us-central1/services/fatsecretsearchfood","timeoutSeconds":60,"environmentVariables":{"FIREBASE_CONFIG":"{\"projectId\":\"spartan-8a55f\",\"storageBucket\":\"spartan-8a55f.appspot.com\",\"locationId\":\"us-central\"}","GCLOUD_PROJECT":"spartan-8a55f","EVENTARC_CLOUD_EVENT_SOURCE":"projects/spartan-8a55f/locations/us-central1/services/fatsecretSearchFood","FUNCTION_TARGET":"fatsecretSearchFood","LOG_EXECUTION_ID":"true","FUNCTION_SIGNATURE_TYPE":"http"},"vpcConnector":"projects/spartan-8a55f/locations/us-central1/connectors/serverless-conn","vpcConnectorEgressSettings":"ALL_TRAFFIC","ingressSettings":"ALLOW_ALL","uri":"https://fatsecretsearchfood-4vg7jm664q-uc.a.run.app","serviceAccountEmail":"962581589411-compute@developer.gserviceaccount.com","availableMemory":"256Mi","allTrafficOnLatestRevision":true,"secretEnvironmentVariables":[{"key":"FATSECRET_KEY","projectId":"spartan-8a55f","secret":"FATSECRET_KEY","version":"1"},{"key":"FATSECRET_SECRET","projectId":"spartan-8a55f","secret":"FATSECRET_SECRET","version":"1"}],"revision":"fatsecretsearchfood-00004-gif","maxInstanceRequestConcurrency":80,"availableCpu":"1"},"state":"ACTIVE","labels":{"deployment-tool":"cli-firebase","deployment-callable":"true","firebase-functions-hash":"8c5262cd082e9851c0a86043c1d907ecfafc72c8"},"environment":"GEN_2","url":"https://us-central1-spartan-8a55f.cloudfunctions.net/fatsecretSearchFood","satisfiesPzi":true},"stages":[{"name":"BUILD","message":"Build finished","state":"COMPLETE","resource":"projects/962581589411/locations/us-central1/builds/280ea738-a57e-4f6c-9ab2-e590efe1bfcb","resourceUri":"https://console.cloud.google.com/cloud-build/builds;region=us-central1/280ea738-a57e-4f6c-9ab2-e590efe1bfcb?project=962581589411"},{"name":"SERVICE","message":"Updating Cloud Run service","state":"IN_PROGRESS","resource":"projects/spartan-8a55f/locations/us-central1/services/fatsecretsearchfood","resourceUri":"https://console.cloud.google.com/run/detail/us-central1/fatsecretsearchfood?project=spartan-8a55f","stateMessages":[{"severity":"INFO","type":"CloudRunServiceNewRevisionTrafficInfo","message":"A new revision will be deployed serving with 100% traffic."}]}],"sourceToken":"Cldwcm9qZWN0cy85NjI1ODE1ODk0MTEvbG9jYXRpb25zL3VzLWNlbnRyYWwxL2J1aWxkcy8yODBlYTczOC1hNTdlLTRmNmMtOWFiMi1lNTkwZWZlMWJmY2ISdHVzLWNlbnRyYWwxLWRvY2tlci5wa2cuZGV2L3NwYXJ0YW4tOGE1NWYvZ2NmLWFydGlmYWN0cy9zcGFydGFuLS04YTU1Zl9fdXMtLWNlbnRyYWwxX19mYXRzZWNyZXRfc2VhcmNoX2Zvb2Q6dmVyc2lvbl8xGKPb1fKBHCJKcHJvamVjdHMvc3BhcnRhbi04YTU1Zi9sb2NhdGlvbnMvdXMtY2VudHJhbDEvZnVuY3Rpb25zL2ZhdHNlY3JldFNlYXJjaEZvb2QqDAj0zYPGBhDQzfqFATIIbm9kZWpzMjA6dgojZ2NyLmlvL2dhZS1ydW50aW1lcy9ub2RlanMyMDpzdGFibGUST3VzLWNlbnRyYWwxLWRvY2tlci5wa2cuZGV2L3NlcnZlcmxlc3MtcnVudGltZXMvZ29vZ2xlLTIyLWZ1bGwvcnVudGltZXMvbm9kZWpzMjBAAQ==","operationType":"UPDATE_FUNCTION","buildName":"projects/962581589411/locations/us-central1/builds/280ea738-a57e-4f6c-9ab2-e590efe1bfcb"},"done":false}
[debug] [2025-09-10T02:48:24.744Z] Got source token Cldwcm9qZWN0cy85NjI1ODE1ODk0MTEvbG9jYXRpb25zL3VzLWNlbnRyYWwxL2J1aWxkcy8yODBlYTczOC1hNTdlLTRmNmMtOWFiMi1lNTkwZWZlMWJmY2ISdHVzLWNlbnRyYWwxLWRvY2tlci5wa2cuZGV2L3NwYXJ0YW4tOGE1NWYvZ2NmLWFydGlmYWN0cy9zcGFydGFuLS04YTU1Zl9fdXMtLWNlbnRyYWwxX19mYXRzZWNyZXRfc2VhcmNoX2Zvb2Q6dmVyc2lvbl8xGKPb1fKBHCJKcHJvamVjdHMvc3BhcnRhbi04YTU1Zi9sb2NhdGlvbnMvdXMtY2VudHJhbDEvZnVuY3Rpb25zL2ZhdHNlY3JldFNlYXJjaEZvb2QqDAj0zYPGBhDQzfqFATIIbm9kZWpzMjA6dgojZ2NyLmlvL2dhZS1ydW50aW1lcy9ub2RlanMyMDpzdGFibGUST3VzLWNlbnRyYWwxLWRvY2tlci5wa2cuZGV2L3NlcnZlcmxlc3MtcnVudGltZXMvZ29vZ2xlLTIyLWZ1bGwvcnVudGltZXMvbm9kZWpzMjBAAQ== for region us-central1
[debug] [2025-09-10T02:48:34.746Z] [update-default-us-central1-fatsecretSearchFood] Retrying task index 0
[debug] [2025-09-10T02:48:34.750Z] Checked if tokens are valid: true, expires at: 1757475406955
[debug] [2025-09-10T02:48:34.750Z] Checked if tokens are valid: true, expires at: 1757475406955
[debug] [2025-09-10T02:48:34.751Z] >>> [apiv2][query] GET https://cloudfunctions.googleapis.com/v2/projects/spartan-8a55f/locations/us-central1/operations/operation-1757472445555-63e6970d1e2c3-d477a6b3-c73fe2ae [none]
[debug] [2025-09-10T02:48:35.035Z] <<< [apiv2][status] GET https://cloudfunctions.googleapis.com/v2/projects/spartan-8a55f/locations/us-central1/operations/operation-1757472445555-63e6970d1e2c3-d477a6b3-c73fe2ae 200
[debug] [2025-09-10T02:48:35.036Z] <<< [apiv2][body] GET https://cloudfunctions.googleapis.com/v2/projects/spartan-8a55f/locations/us-central1/operations/operation-1757472445555-63e6970d1e2c3-d477a6b3-c73fe2ae {"name":"projects/spartan-8a55f/locations/us-central1/operations/operation-1757472445555-63e6970d1e2c3-d477a6b3-c73fe2ae","metadata":{"@type":"type.googleapis.com/google.cloud.functions.v2.OperationMetadata","createTime":"2025-09-10T02:47:26.501893876Z","target":"projects/spartan-8a55f/locations/us-central1/functions/fatsecretSearchFood","verb":"update","cancelRequested":false,"apiVersion":"v2","requestResource":{"@type":"type.googleapis.com/google.cloud.functions.v2.Function","name":"projects/spartan-8a55f/locations/us-central1/functions/fatsecretSearchFood","buildConfig":{"runtime":"nodejs20","entryPoint":"fatsecretSearchFood","source":{"storageSource":{"bucket":"gcf-v2-sources-962581589411-us-central1","object":"fatsecretSearchFood/function-source.zip","generation":"1757472446450168"}},"environmentVariables":{"GOOGLE_NODE_RUN_SCRIPTS":""},"dockerRepository":"projects/spartan-8a55f/locations/us-central1/repositories/gcf-artifacts","sourceProvenance":{"resolvedStorageSource":{"bucket":"gcf-v2-sources-962581589411-us-central1","object":"fatsecretSearchFood/function-source.zip","generation":"1757295041140478"}},"dockerRegistry":"ARTIFACT_REGISTRY","serviceAccount":"projects/spartan-8a55f/serviceAccounts/962581589411-compute@developer.gserviceaccount.com","automaticUpdatePolicy":{}},"serviceConfig":{"service":"projects/spartan-8a55f/locations/us-central1/services/fatsecretsearchfood","timeoutSeconds":60,"environmentVariables":{"FIREBASE_CONFIG":"{\"projectId\":\"spartan-8a55f\",\"storageBucket\":\"spartan-8a55f.appspot.com\",\"locationId\":\"us-central\"}","GCLOUD_PROJECT":"spartan-8a55f","EVENTARC_CLOUD_EVENT_SOURCE":"projects/spartan-8a55f/locations/us-central1/services/fatsecretSearchFood","FUNCTION_TARGET":"fatsecretSearchFood","LOG_EXECUTION_ID":"true","FUNCTION_SIGNATURE_TYPE":"http"},"vpcConnector":"projects/spartan-8a55f/locations/us-central1/connectors/serverless-conn","vpcConnectorEgressSettings":"ALL_TRAFFIC","ingressSettings":"ALLOW_ALL","uri":"https://fatsecretsearchfood-4vg7jm664q-uc.a.run.app","serviceAccountEmail":"962581589411-compute@developer.gserviceaccount.com","availableMemory":"256Mi","allTrafficOnLatestRevision":true,"secretEnvironmentVariables":[{"key":"FATSECRET_KEY","projectId":"spartan-8a55f","secret":"FATSECRET_KEY","version":"1"},{"key":"FATSECRET_SECRET","projectId":"spartan-8a55f","secret":"FATSECRET_SECRET","version":"1"}],"revision":"fatsecretsearchfood-00004-gif","maxInstanceRequestConcurrency":80,"availableCpu":"1"},"state":"ACTIVE","labels":{"deployment-tool":"cli-firebase","deployment-callable":"true","firebase-functions-hash":"8c5262cd082e9851c0a86043c1d907ecfafc72c8"},"environment":"GEN_2","url":"https://us-central1-spartan-8a55f.cloudfunctions.net/fatsecretSearchFood","satisfiesPzi":true},"stages":[{"name":"BUILD","message":"Build finished","state":"COMPLETE","resource":"projects/962581589411/locations/us-central1/builds/280ea738-a57e-4f6c-9ab2-e590efe1bfcb","resourceUri":"https://console.cloud.google.com/cloud-build/builds;region=us-central1/280ea738-a57e-4f6c-9ab2-e590efe1bfcb?project=962581589411"},{"name":"SERVICE","message":"Updating Cloud Run service","state":"IN_PROGRESS","resource":"projects/spartan-8a55f/locations/us-central1/services/fatsecretsearchfood","resourceUri":"https://console.cloud.google.com/run/detail/us-central1/fatsecretsearchfood?project=spartan-8a55f","stateMessages":[{"severity":"INFO","type":"CloudRunServiceNewRevisionTrafficInfo","message":"A new revision will be deployed serving with 100% traffic."}]}],"sourceToken":"Cldwcm9qZWN0cy85NjI1ODE1ODk0MTEvbG9jYXRpb25zL3VzLWNlbnRyYWwxL2J1aWxkcy8yODBlYTczOC1hNTdlLTRmNmMtOWFiMi1lNTkwZWZlMWJmY2ISdHVzLWNlbnRyYWwxLWRvY2tlci5wa2cuZGV2L3NwYXJ0YW4tOGE1NWYvZ2NmLWFydGlmYWN0cy9zcGFydGFuLS04YTU1Zl9fdXMtLWNlbnRyYWwxX19mYXRzZWNyZXRfc2VhcmNoX2Zvb2Q6dmVyc2lvbl8xGKPb1fKBHCJKcHJvamVjdHMvc3BhcnRhbi04YTU1Zi9sb2NhdGlvbnMvdXMtY2VudHJhbDEvZnVuY3Rpb25zL2ZhdHNlY3JldFNlYXJjaEZvb2QqDAj0zYPGBhDQzfqFATIIbm9kZWpzMjA6dgojZ2NyLmlvL2dhZS1ydW50aW1lcy9ub2RlanMyMDpzdGFibGUST3VzLWNlbnRyYWwxLWRvY2tlci5wa2cuZGV2L3NlcnZlcmxlc3MtcnVudGltZXMvZ29vZ2xlLTIyLWZ1bGwvcnVudGltZXMvbm9kZWpzMjBAAQ==","operationType":"UPDATE_FUNCTION","buildName":"projects/962581589411/locations/us-central1/builds/280ea738-a57e-4f6c-9ab2-e590efe1bfcb"},"done":false}
[debug] [2025-09-10T02:48:35.036Z] Got source token Cldwcm9qZWN0cy85NjI1ODE1ODk0MTEvbG9jYXRpb25zL3VzLWNlbnRyYWwxL2J1aWxkcy8yODBlYTczOC1hNTdlLTRmNmMtOWFiMi1lNTkwZWZlMWJmY2ISdHVzLWNlbnRyYWwxLWRvY2tlci5wa2cuZGV2L3NwYXJ0YW4tOGE1NWYvZ2NmLWFydGlmYWN0cy9zcGFydGFuLS04YTU1Zl9fdXMtLWNlbnRyYWwxX19mYXRzZWNyZXRfc2VhcmNoX2Zvb2Q6dmVyc2lvbl8xGKPb1fKBHCJKcHJvamVjdHMvc3BhcnRhbi04YTU1Zi9sb2NhdGlvbnMvdXMtY2VudHJhbDEvZnVuY3Rpb25zL2ZhdHNlY3JldFNlYXJjaEZvb2QqDAj0zYPGBhDQzfqFATIIbm9kZWpzMjA6dgojZ2NyLmlvL2dhZS1ydW50aW1lcy9ub2RlanMyMDpzdGFibGUST3VzLWNlbnRyYWwxLWRvY2tlci5wa2cuZGV2L3NlcnZlcmxlc3MtcnVudGltZXMvZ29vZ2xlLTIyLWZ1bGwvcnVudGltZXMvbm9kZWpzMjBAAQ== for region us-central1
[debug] [2025-09-10T02:48:45.038Z] [update-default-us-central1-fatsecretSearchFood] Retrying task index 0
[debug] [2025-09-10T02:48:45.039Z] Checked if tokens are valid: true, expires at: 1757475406955
[debug] [2025-09-10T02:48:45.039Z] Checked if tokens are valid: true, expires at: 1757475406955
[debug] [2025-09-10T02:48:45.040Z] >>> [apiv2][query] GET https://cloudfunctions.googleapis.com/v2/projects/spartan-8a55f/locations/us-central1/operations/operation-1757472445555-63e6970d1e2c3-d477a6b3-c73fe2ae [none]
[debug] [2025-09-10T02:48:45.337Z] <<< [apiv2][status] GET https://cloudfunctions.googleapis.com/v2/projects/spartan-8a55f/locations/us-central1/operations/operation-1757472445555-63e6970d1e2c3-d477a6b3-c73fe2ae 200
[debug] [2025-09-10T02:48:45.337Z] <<< [apiv2][body] GET https://cloudfunctions.googleapis.com/v2/projects/spartan-8a55f/locations/us-central1/operations/operation-1757472445555-63e6970d1e2c3-d477a6b3-c73fe2ae {"name":"projects/spartan-8a55f/locations/us-central1/operations/operation-1757472445555-63e6970d1e2c3-d477a6b3-c73fe2ae","metadata":{"@type":"type.googleapis.com/google.cloud.functions.v2.OperationMetadata","createTime":"2025-09-10T02:47:26.501893876Z","endTime":"2025-09-10T02:48:36.707399006Z","target":"projects/spartan-8a55f/locations/us-central1/functions/fatsecretSearchFood","verb":"update","cancelRequested":false,"apiVersion":"v2","requestResource":{"@type":"type.googleapis.com/google.cloud.functions.v2.Function","name":"projects/spartan-8a55f/locations/us-central1/functions/fatsecretSearchFood","buildConfig":{"runtime":"nodejs20","entryPoint":"fatsecretSearchFood","source":{"storageSource":{"bucket":"gcf-v2-sources-962581589411-us-central1","object":"fatsecretSearchFood/function-source.zip","generation":"1757472446450168"}},"environmentVariables":{"GOOGLE_NODE_RUN_SCRIPTS":""},"dockerRepository":"projects/spartan-8a55f/locations/us-central1/repositories/gcf-artifacts","sourceProvenance":{"resolvedStorageSource":{"bucket":"gcf-v2-sources-962581589411-us-central1","object":"fatsecretSearchFood/function-source.zip","generation":"1757295041140478"}},"dockerRegistry":"ARTIFACT_REGISTRY","serviceAccount":"projects/spartan-8a55f/serviceAccounts/962581589411-compute@developer.gserviceaccount.com","automaticUpdatePolicy":{}},"serviceConfig":{"service":"projects/spartan-8a55f/locations/us-central1/services/fatsecretsearchfood","timeoutSeconds":60,"environmentVariables":{"FIREBASE_CONFIG":"{\"projectId\":\"spartan-8a55f\",\"storageBucket\":\"spartan-8a55f.appspot.com\",\"locationId\":\"us-central\"}","GCLOUD_PROJECT":"spartan-8a55f","EVENTARC_CLOUD_EVENT_SOURCE":"projects/spartan-8a55f/locations/us-central1/services/fatsecretSearchFood","FUNCTION_TARGET":"fatsecretSearchFood","LOG_EXECUTION_ID":"true","FUNCTION_SIGNATURE_TYPE":"http"},"vpcConnector":"projects/spartan-8a55f/locations/us-central1/connectors/serverless-conn","vpcConnectorEgressSettings":"ALL_TRAFFIC","ingressSettings":"ALLOW_ALL","uri":"https://fatsecretsearchfood-4vg7jm664q-uc.a.run.app","serviceAccountEmail":"962581589411-compute@developer.gserviceaccount.com","availableMemory":"256Mi","allTrafficOnLatestRevision":true,"secretEnvironmentVariables":[{"key":"FATSECRET_KEY","projectId":"spartan-8a55f","secret":"FATSECRET_KEY","version":"1"},{"key":"FATSECRET_SECRET","projectId":"spartan-8a55f","secret":"FATSECRET_SECRET","version":"1"}],"revision":"fatsecretsearchfood-00004-gif","maxInstanceRequestConcurrency":80,"availableCpu":"1"},"state":"ACTIVE","labels":{"deployment-tool":"cli-firebase","deployment-callable":"true","firebase-functions-hash":"8c5262cd082e9851c0a86043c1d907ecfafc72c8"},"environment":"GEN_2","url":"https://us-central1-spartan-8a55f.cloudfunctions.net/fatsecretSearchFood","satisfiesPzi":true},"stages":[{"name":"BUILD","message":"Build finished","state":"COMPLETE","resource":"projects/962581589411/locations/us-central1/builds/280ea738-a57e-4f6c-9ab2-e590efe1bfcb","resourceUri":"https://console.cloud.google.com/cloud-build/builds;region=us-central1/280ea738-a57e-4f6c-9ab2-e590efe1bfcb?project=962581589411"},{"name":"SERVICE","message":"Updating Cloud Run service","state":"COMPLETE","resource":"projects/spartan-8a55f/locations/us-central1/services/fatsecretsearchfood","resourceUri":"https://console.cloud.google.com/run/detail/us-central1/fatsecretsearchfood?project=spartan-8a55f","stateMessages":[{"severity":"INFO","type":"CloudRunServiceNewRevisionTrafficInfo","message":"A new revision will be deployed serving with 100% traffic."}]}],"sourceToken":"Cldwcm9qZWN0cy85NjI1ODE1ODk0MTEvbG9jYXRpb25zL3VzLWNlbnRyYWwxL2J1aWxkcy8yODBlYTczOC1hNTdlLTRmNmMtOWFiMi1lNTkwZWZlMWJmY2ISdHVzLWNlbnRyYWwxLWRvY2tlci5wa2cuZGV2L3NwYXJ0YW4tOGE1NWYvZ2NmLWFydGlmYWN0cy9zcGFydGFuLS04YTU1Zl9fdXMtLWNlbnRyYWwxX19mYXRzZWNyZXRfc2VhcmNoX2Zvb2Q6dmVyc2lvbl8xGKPb1fKBHCJKcHJvamVjdHMvc3BhcnRhbi04YTU1Zi9sb2NhdGlvbnMvdXMtY2VudHJhbDEvZnVuY3Rpb25zL2ZhdHNlY3JldFNlYXJjaEZvb2QqDAj0zYPGBhDQzfqFATIIbm9kZWpzMjA6dgojZ2NyLmlvL2dhZS1ydW50aW1lcy9ub2RlanMyMDpzdGFibGUST3VzLWNlbnRyYWwxLWRvY2tlci5wa2cuZGV2L3NlcnZlcmxlc3MtcnVudGltZXMvZ29vZ2xlLTIyLWZ1bGwvcnVudGltZXMvbm9kZWpzMjBAAQ==","operationType":"UPDATE_FUNCTION","buildName":"projects/962581589411/locations/us-central1/builds/280ea738-a57e-4f6c-9ab2-e590efe1bfcb"},"done":true,"response":{"@type":"type.googleapis.com/google.cloud.functions.v2.Function","name":"projects/spartan-8a55f/locations/us-central1/functions/fatsecretSearchFood","buildConfig":{"build":"projects/962581589411/locations/us-central1/builds/280ea738-a57e-4f6c-9ab2-e590efe1bfcb","runtime":"nodejs20","entryPoint":"fatsecretSearchFood","source":{"storageSource":{"bucket":"gcf-v2-sources-962581589411-us-central1","object":"fatsecretSearchFood/function-source.zip","generation":"1757472446450168"}},"environmentVariables":{"GOOGLE_NODE_RUN_SCRIPTS":""},"dockerRepository":"projects/spartan-8a55f/locations/us-central1/repositories/gcf-artifacts","sourceProvenance":{"resolvedStorageSource":{"bucket":"gcf-v2-sources-962581589411-us-central1","object":"fatsecretSearchFood/function-source.zip","generation":"1757472446450168"}},"dockerRegistry":"ARTIFACT_REGISTRY","serviceAccount":"projects/spartan-8a55f/serviceAccounts/962581589411-compute@developer.gserviceaccount.com","automaticUpdatePolicy":{}},"serviceConfig":{"service":"projects/spartan-8a55f/locations/us-central1/services/fatsecretsearchfood","timeoutSeconds":60,"environmentVariables":{"FIREBASE_CONFIG":"{\"projectId\":\"spartan-8a55f\",\"storageBucket\":\"spartan-8a55f.appspot.com\",\"locationId\":\"us-central\"}","GCLOUD_PROJECT":"spartan-8a55f","EVENTARC_CLOUD_EVENT_SOURCE":"projects/spartan-8a55f/locations/us-central1/services/fatsecretSearchFood","FUNCTION_TARGET":"fatsecretSearchFood","LOG_EXECUTION_ID":"true","FUNCTION_SIGNATURE_TYPE":"http"},"maxInstanceCount":20,"vpcConnector":"projects/spartan-8a55f/locations/us-central1/connectors/serverless-conn","vpcConnectorEgressSettings":"ALL_TRAFFIC","ingressSettings":"ALLOW_ALL","uri":"https://fatsecretsearchfood-4vg7jm664q-uc.a.run.app","serviceAccountEmail":"962581589411-compute@developer.gserviceaccount.com","availableMemory":"256Mi","allTrafficOnLatestRevision":true,"secretEnvironmentVariables":[{"key":"FATSECRET_KEY","projectId":"spartan-8a55f","secret":"FATSECRET_KEY","version":"1"},{"key":"FATSECRET_SECRET","projectId":"spartan-8a55f","secret":"FATSECRET_SECRET","version":"1"}],"revision":"fatsecretsearchfood-00005-qeq","maxInstanceRequestConcurrency":80,"availableCpu":"1"},"state":"ACTIVE","updateTime":"2025-09-10T02:47:26.504277446Z","labels":{"firebase-functions-hash":"8c5262cd082e9851c0a86043c1d907ecfafc72c8","deployment-tool":"cli-firebase","deployment-callable":"true"},"environment":"GEN_2","url":"https://us-central1-spartan-8a55f.cloudfunctions.net/fatsecretSearchFood","createTime":"2025-08-17T04:35:05.819727752Z","satisfiesPzi":true}}
[debug] [2025-09-10T02:48:45.338Z] Got source token Cldwcm9qZWN0cy85NjI1ODE1ODk0MTEvbG9jYXRpb25zL3VzLWNlbnRyYWwxL2J1aWxkcy8yODBlYTczOC1hNTdlLTRmNmMtOWFiMi1lNTkwZWZlMWJmY2ISdHVzLWNlbnRyYWwxLWRvY2tlci5wa2cuZGV2L3NwYXJ0YW4tOGE1NWYvZ2NmLWFydGlmYWN0cy9zcGFydGFuLS04YTU1Zl9fdXMtLWNlbnRyYWwxX19mYXRzZWNyZXRfc2VhcmNoX2Zvb2Q6dmVyc2lvbl8xGKPb1fKBHCJKcHJvamVjdHMvc3BhcnRhbi04YTU1Zi9sb2NhdGlvbnMvdXMtY2VudHJhbDEvZnVuY3Rpb25zL2ZhdHNlY3JldFNlYXJjaEZvb2QqDAj0zYPGBhDQzfqFATIIbm9kZWpzMjA6dgojZ2NyLmlvL2dhZS1ydW50aW1lcy9ub2RlanMyMDpzdGFibGUST3VzLWNlbnRyYWwxLWRvY2tlci5wa2cuZGV2L3NlcnZlcmxlc3MtcnVudGltZXMvZ29vZ2xlLTIyLWZ1bGwvcnVudGltZXMvbm9kZWpzMjBAAQ== for region us-central1
[info] ✔  functions[fatsecretSearchFood(us-central1)] Successful update operation. 
[debug] [2025-09-10T02:48:45.351Z] Total Function Deployment time: 79980
[debug] [2025-09-10T02:48:45.351Z] 1 Functions Deployed
[debug] [2025-09-10T02:48:45.351Z] 0 Functions Errored
[debug] [2025-09-10T02:48:45.351Z] 0 Function Deployments Aborted
[debug] [2025-09-10T02:48:45.352Z] Average Function Deployment time: 79980
[debug] [2025-09-10T02:48:45.643Z] Checked if tokens are valid: true, expires at: 1757475406955
[debug] [2025-09-10T02:48:45.644Z] Checked if tokens are valid: true, expires at: 1757475406955
[debug] [2025-09-10T02:48:45.644Z] >>> [apiv2][query] GET https://artifactregistry.googleapis.com/v1/projects/spartan-8a55f/locations/us-central1/repositories/gcf-artifacts [none]
[debug] [2025-09-10T02:48:55.752Z] *** [apiv2] error from fetch(https://artifactregistry.googleapis.com/v1/projects/spartan-8a55f/locations/us-central1/repositories/gcf-artifacts, {"headers":{},"method":"GET"}): FetchError: request to https://artifactregistry.googleapis.com/v1/projects/spartan-8a55f/locations/us-central1/repositories/gcf-artifacts failed, reason: socket hang up
[debug] [2025-09-10T02:48:55.755Z] Failed to check artifact cleanup policy for region us-central1: Failed to make request to https://artifactregistry.googleapis.com/v1/projects/spartan-8a55f/locations/us-central1/repositories/gcf-artifacts {"name":"FirebaseError","children":[],"exit":1,"message":"Failed to make request to https://artifactregistry.googleapis.com/v1/projects/spartan-8a55f/locations/us-central1/repositories/gcf-artifacts","original":{"message":"request to https://artifactregistry.googleapis.com/v1/projects/spartan-8a55f/locations/us-central1/repositories/gcf-artifacts failed, reason: socket hang up","type":"system","errno":"ECONNRESET","code":"ECONNRESET"},"status":500}
[info] 
[info] ✔  Deploy complete! 
[info] 
[info] Project Console: https://console.firebase.google.com/project/spartan-8a55f/overview
